id,title,content
1,Táº¡i sao khÃ´ng Ä‘Æ°á»£c báº» thuá»‘c viÃªn 360?,"Trong cÃ¢u há»i nÃ y, Ä‘áº§u tiÃªn há»i Ä‘á»‘i tÆ°á»£ng mÃ  khÃ¡ch cho sá»­ dá»¥ng viÃªn báº», náº¿u lÃ :- Tráº» em: chÆ°a uá»‘ng Ä‘Æ°á»£c viÃªn thÃ¬ luÃ´n hÆ°á»›ng láº¡i khÃ¡ch vá» sáº£n pháº©m 180mcg vÃ¬ dáº¡ng nÆ°á»›c dá»… uá»‘ng vÃ  tá»‘i Æ°u hÆ¡n cho tráº».- TH ngÆ°á»i lá»›n thÃ¬ váº«n khuyÃªn uá»‘ng cáº£ viÃªn vÃ¬ viÃªn 360 mcg Ä‘ang bÃ o cháº¿ dáº¡ng viÃªn nÃ©n cÃ³ mÃ ng bao bÃªn ngoÃ i.- NgÆ°á»i giÃ , ngÆ°á»i lá»›n: cÃ³ thá»ƒ báº» náº¿u báº¥t kháº£ khÃ¡ng, báº¯t buá»™c khÃ´ng nuá»‘t Ä‘Æ°á»£c cáº£ viÃªn do thÃ nh pháº§n tá»ng viÃªn khÃ´ng bá»‹ áº£nh hÆ°á»Ÿng"
2,CÃ³ cÆ¡ cháº¿ dÃ¹ng thá»­ khÃ´ng?,"CÃ¡c sáº£n pháº©m bá»• sung canxi nÃ³i chung cáº§n Ä‘á»§ 1 liá»‡u trÃ¬nh tá»‘i thiá»ƒu 3 thÃ¡ng thÃ¬ sáº½ táº¡o ra káº¿t quáº£ rÃµ rá»‡t. Táº¥t nhiÃªn, Ä‘á»‘i vá»›i Midu MenaQ7 thÃ¬ háº§u háº¿t cÃ¡c báº¡n dÃ¹ng 1 thÃ¡ng Ä‘Ã£ tháº¥y cao lÃªn nhÆ°ng anh chá»‹ nÃªn kÃª vÃ  bÃ¡n cho khÃ¡ch hÃ ng Ä‘á»§ 3 thÃ¡ng. ÄÃ³ lÃ  thá»i gian cÆ¡ báº£n Ä‘á»ƒ táº¡o ra káº¿t quáº£ nhÃ¬n tháº¥y rÃµ Ä‘Æ°á»£c thÃ¬ khÃ¡ch hÃ ng cÅ©ng tháº¥y Ä‘Æ°á»£c lá»£i Ã­ch vÃ  mÃ¬nh cÅ©ng uy tÃ­n hÆ¡n chá»‹ ah"
3,Uá»‘ng liá»‡u trÃ¬nh nhÆ° tháº¿ nÃ o?,"1. Liá»‡u trÃ¬nh phá»¥ thuá»™c tá»«ng thá»ƒ tráº¡ng cá»§a má»—i ngÆ°á»i. TrÆ°á»›c tiÃªn mÃ¬nh cáº§n pháº£i lÃ m phÃ¡c Ä‘á»“ Ä‘á»ƒ biáº¿t xem hiá»‡n tráº¡ng cá»§a bÃ© Ä‘ang dÆ°á»›i chuáº©n, trÃªn chuáº©n hay chuáº©n thÃ¬ tá»« Ä‘áº¥y sáº½ cÃ³ liá»‡u trÃ¬nh cá»¥ thá»ƒ cho má»—i trÆ°á»ng há»£p chá»‹ nhÃ©.hoáº·c 2. Vá»›i hiá»‡n tráº¡ng hiá»‡n táº¡i cá»§a báº¡n nhá» nhÃ  mÃ¬nh vÃ  má»¥c tiÃªu chiá»u cao cá»§a gia Ä‘Ã¬nh thÃ¬ liá»‡u trÃ¬nh sá»­ dá»¥ng Midu MenaQ7 180mcg cho báº¡n nhÆ° sau:"
4,HÃ¬nh dáº¡ng viÃªn nÃ©n nhÆ° tháº¿ nÃ o?,
5,Báº£ng chiá»u cao chuáº©n WHO /Bá»™ y táº¿,"Tuy nhiÃªn báº£ng nÃ y lÃ  báº£ng chuáº©n theo tuá»•i. Äá»‘i vá»›i cÃ¡c báº¡n nhá» chá»‹ nÃªn cho phá»¥ huynh Ä‘iá»n thÃ´ng tin trong báº£n phÃ¡c Ä‘á»“ dá»± Ä‘oÃ¡n chiá»u cao thÃ¬ pháº§n má»m sáº½ phÃ¢n tÃ­ch theo cáº£ tá»«ng thÃ¡ng tuá»•i sáº½ ráº¥t chuáº©n vÃ  cÃ³ báº£ng phÃ¡c Ä‘á»“ dá»± Ä‘oÃ¡n sá»± tÄƒng trÆ°á»Ÿng cá»§a con á»Ÿ tá»«ng giai Ä‘oáº¡n cá»¥ thá»ƒ chá»‹ nhÃ©Chá»‰ lÃ  cÃ¡c báº¡n cao Ä‘Ã´i khi viá»‡c chuyá»ƒn hÃ³a canxi nÃ³ láº¡i cáº§n Ä‘á»i há»i lá»›n hÆ¡n cÃ¡c báº¡n tháº¥p. VÃ¬ mÃ¬nh nhiá»u xÆ°Æ¡ng hÆ¡n mÃ  nÃªn lÆ°á»£ng canxi cáº§n láº¡i cÃ ng nhiá»u. ChÃ­nh vÃ¬ váº­y, cÃ¡i Ä‘á»™i báº¯c Ã¢u áº¥y toÃ n 1m9, 2m thÃ¬ láº¡i lÃ  Ä‘á»™i hay bá»‹ loÃ£ng xÆ°Æ¡ng vÃ  rÃ²n xÆ°Æ¡ng nháº¥t"
6,Sá»­ dá»¥ng sáº£n pháº©m vÃ  cÃ¡ch kÃª Ä‘Æ¡n trÃªn há»™p,"Thá»±c ra viá»‡c kÃª Ä‘Æ¡n sá»­ dá»¥ng tháº¿ nÃ o nÃ³ cÅ©ng lÃ  cáº£ má»™t lÆ°á»£ng kiáº¿n thá»©c lá»›n. VÃ¬ sao mÃ  bÃ¡c sÄ© pháº£i há»c 6-10 nÄƒm má»›i cÃ³ thá»ƒ kÃª Ä‘Æ¡n chuáº©n cho bá»‡nh nhÃ¢n. NÃªn chá»‰ Ä‘á»c liá»u trÃªn vá» há»™p hoáº·c hÆ°á»›ng dáº«n trÃªn web thÃ¬ khÃ´ng thá»ƒ Ä‘áº§y Ä‘á»§ Ä‘Æ°á»£c. Trong buá»•i tá»‘t nghiá»‡p tá»›i Ä‘Ã¢y, bÃ¡c sÄ© HiÃªn sáº½ hÆ°á»›ng dáº«n cáº£ nhÃ  mÃ¬nh Ä‘á»ƒ hiá»ƒu vá» nguyÃªn nhÃ¢n gá»‘c rá»… cá»§a viá»‡c sá»­ dá»¥ng nhÆ° tháº¿ nÃ o vÃ  cÃ¡ch kÃª Ä‘Æ¡n cá»¥ thá»ƒ em nhÃ©!"
7,Canxi uá»‘ng lÃºc nÃ o,"CÃ¢u há»i cá»§a chá»‹ ráº¥t hay vÃ  cÅ©ng lÃ  cÃ¢u há»i cá»§a nhiá»u anh chá»‹ Ä‘áº¡i lÃ½ cÅ©ng nhÆ° khÃ¡ch hÃ ng. Äá»ƒ tráº£ lá»i cÃ¢u há»i nÃ y thÃ¬ mÃ¬nh cáº§n hiá»ƒu vÃ¬ sao má»™t thá»±c pháº©m láº¡i uá»‘ng sau Äƒn cÅ©ng nhÆ° uá»‘ng trÆ°á»›c Äƒn. ÄA Sá» cÃ¡c thuá»‘c/thá»±c pháº©m Ä‘Æ°á»£c chá»‰ Ä‘á»‹nh uá»‘ng sau Äƒn lÃ  do trong thÃ nh pháº§n cÃ³ hoáº¡t cháº¥t gÃ¢y kÃ­ch á»©ng dáº¡ dÃ y. CÃ²n cÃ¡c thuá»‘c/thá»±c pháº©m Ä‘Æ°á»£c chá»‰ Ä‘á»‹nh uá»‘ng trÆ°á»›c Äƒn lÃ  do náº¿u uá»‘ng sau Äƒn thÃ¬ nÆ°á»›c vÃ  thá»©c Äƒn sáº½ gÃ¢y áº£nh hÆ°á»Ÿng Ä‘áº¿n hoáº¡t Ä‘á»™ng cá»§a hoáº¡t cháº¥t nÃ y lÃ m giáº£m hiá»‡u quáº£ cá»§a sáº£n pháº©m. NgoÃ i ra má»™t sá»‘ sáº£n pháº©m chuyÃªn sÃ¢u thÃ¬ sáº½ cÃ³ má»™t sá»‘ lÃ½ do khÃ¡c ná»¯a. Äá»‘i vá»›i sáº£n pháº©m cá»§a Midu MenaQ7 thÃ¬ khÃ´ng cÃ³ hoáº¡t cháº¥t nÃ o gÃ¢y kÃ­ch á»©ng dáº¡ dÃ y vÃ  cÅ©ng khÃ´ng áº£nh hÆ°á»Ÿng gÃ¬ khi Äƒn uá»‘ng cÃ¹ng cÃ¡c Ä‘á»“ Äƒn thá»©c uá»‘ng khÃ¡c. VÃ  tuyá»‡t vá»i hÆ¡n ná»¯a lÃ  sá»­ dá»¥ng canxi khÃ´ng láº¯ng Ä‘á»ng vÃ  hÃ m lÆ°á»£ng Vitamin D3, Vitamin K2 Ä‘Ã£ Ä‘á»§ Ä‘á»ƒ chuyá»ƒn hÃ³a 90% canxi nÃªn cÃ³ thá»ƒ dÃ¹ng sÃ¡ng - trÆ°a - chiá»u - tá»‘i cÃ¡c anh chá»‹ nhÃ©"
8,20 tuá»•i cÃ³ cao Ä‘Æ°á»£c khÃ´ng,"CÃ¢u tráº£ lá»i cháº¯c cháº¯n lÃ  KHÃ”NG anh â€¦. nhÃ©. Náº¿u á»Ÿ Ä‘Ã¢u Ä‘Ã³ cÃ³ quáº£ng cÃ¡o loáº¡i thuá»‘c, thá»±c pháº©m gÃ¬ uá»‘ng vÃ o cÃ³ thá»ƒ giÃºp ná»¯ 20 tuá»•i tÄƒng cao thÃ¬ Ä‘á»u lÃ  lá»«a Ä‘áº£o."
9,,
10,Chá»‰ sá»‘ BMI,"Má»™t sá»‘ bá»‘ máº¹ há»i vá» BMI vÃ¬ cÃ³ khi chá»‰ sá»‘ BMI cá»§a con lÃ  gáº§y nhÆ°ng trÃªn thá»±c táº¿ nhÃ¬n báº¡n áº¥y láº¡i khÃ´ng gáº§yThá»±c ra, BMI lÃ  viáº¿t táº¯t cá»§a Body Mass Index tá»©c lÃ  chá»‰ sá»‘ khá»‘i cÆ¡ thá»ƒ. ÄÃ¢y lÃ  cÃ´ng thá»©c Ä‘Æ°á»£c tÃ­nh báº±ng cÃ¢n náº·ng/(chiá»u cao)Â² vÃ  cÃ³ nghÄ©a Ä‘á»ƒ xÃ¡c Ä‘á»‹nh bÃ©o hay gáº§y (máº­p hay á»‘m)Tuy nhiÃªn, chá»‰ sá»‘ nÃ y chá»‰ Ã¡p dá»¥ng vá»›i ngÆ°á»i trÆ°á»Ÿng thÃ nh. NÃªn vá»›i tráº» em thÃ¬ chá»‰ sá»‘ nÃ y chá»‰ mang tÃ­nh tham kháº£o thÃ´i. Äá»ƒ biáº¿t chiá»u cao cÃ¢n náº·ng cá»§a cÃ¡c bÃ© dÆ° hay thiáº¿u, ba máº¹ hÃ£y cÄƒn cá»© vÃ o viá»‡c phÃ¢n tÃ­ch chiá»u cao cÃ¢n náº·ng cá»§a con mÃ¬nh trÃªn báº£n phÃ¡c Ä‘á»“ dá»± Ä‘oÃ¡n chiá»u cao nhÃ©â€¼ï¸"
11,Uá»‘ng vÃ o thá»i gian nÃ o,"ÄA Sá» cÃ¡c thuá»‘c/thá»±c pháº©m Ä‘Æ°á»£c chá»‰ Ä‘á»‹nh uá»‘ng sau Äƒn lÃ  do trong thÃ nh pháº§n cÃ³ hoáº¡t cháº¥t gÃ¢y kÃ­ch á»©ng dáº¡ dÃ y. CÃ²n cÃ¡c thuá»‘c/thá»±c pháº©m Ä‘Æ°á»£c chá»‰ Ä‘á»‹nh uá»‘ng trÆ°á»›c Äƒn lÃ  do náº¿u uá»‘ng sau Äƒn thÃ¬ nÆ°á»›c vÃ  thá»©c Äƒn sáº½ gÃ¢y áº£nh hÆ°á»Ÿng Ä‘áº¿n hoáº¡t Ä‘á»™ng cá»§a hoáº¡t cháº¥t nÃ y lÃ m giáº£m hiá»‡u quáº£ cá»§a sáº£n pháº©m. NgoÃ i ra má»™t sá»‘ sáº£n pháº©m chuyÃªn sÃ¢u thÃ¬ sáº½ cÃ³ má»™t sá»‘ lÃ½ do khÃ¡c ná»¯a. Äá»‘i vá»›i sáº£n pháº©m cá»§a Midu MenaQ7 thÃ¬ khÃ´ng cÃ³ hoáº¡t cháº¥t nÃ o gÃ¢y kÃ­ch á»©ng dáº¡ dÃ y vÃ  cÅ©ng khÃ´ng áº£nh hÆ°á»Ÿng gÃ¬ khi Äƒn uá»‘ng cÃ¹ng cÃ¡c Ä‘á»“ Äƒn thá»©c uá»‘ng khÃ¡c. VÃ  tuyá»‡t vá»i hÆ¡n ná»¯a lÃ  sá»­ dá»¥ng canxi khÃ´ng láº¯ng Ä‘á»ng vÃ  hÃ m lÆ°á»£ng Vitamin D3, Vitamin K2 Ä‘Ã£ Ä‘á»§ Ä‘á»ƒ chuyá»ƒn hÃ³a 90% canxi nÃªn cÃ³ thá»ƒ dÃ¹ng sÃ¡ng - trÆ°a - chiá»u - tá»‘i áº¡"
12,Nhu cáº§u chuyá»ƒn hÃ³a nhiá»u canxi á»Ÿ tráº» cÃ³ chiá»u cao vÆ°á»£t trá»™iNÃ³ cÃ³ liÃªn quan trá»±c tiáº¿p Ä‘áº¿n ná»“ng Ä‘á»™ canxi trong mÃ¡u khÃ´ng?,"Má»—i Ä‘á»™ tuá»•i sáº½ cÃ³ chiá»u cao chuáº©n, lÆ°á»£ng canxi trong cÆ¡ thá»ƒ lÃ  nhÆ° nhau. NhÆ°ng cÃ¡c báº¡n cao vÆ°á»£t trá»™i, lÆ°á»£ng canxi Ä‘Ã³ cáº§n phÃ¢n tÃ¡n ra nhiá»u nÆ¡i hÆ¡n nÃªn máº­t Ä‘á»™ canxi sáº½ tháº¥p hÆ¡n cÃ¡c báº¡n dÆ°á»›i chuáº©n - cÃ¡c báº¡n cao vÆ°á»£t trá»™i thÃ¬ máº­t Ä‘á»™ xÆ°Æ¡ng cá»§a báº¡n áº¥y bá»‹ giáº£m nÃªn cÃ¡c báº¡n ráº¥t dá»… bá»‹ loÃ£ng vÃ  giÃ²n xÆ°Æ¡ng. VÃ¬ váº­y, CÃ¡c trÆ°á»ng há»£p cao trÃªn chuáº©n thÃ¬ láº¡i cÃ ng pháº£i bá»• sung vÃ¬ nhu cáº§u chuyá»ƒn hÃ³a canxi cá»§a cÃ¡c báº¡n láº¡i nhiá»u hÆ¡n nhá»¯ng báº¡n tháº¥pNá»“ng Ä‘á»™ canxi trong mÃ¡u liÃªn quan máº­t thiáº¿t Ä‘áº¿n viá»‡c mÃ¬nh uá»‘ng canxi láº¯ng Ä‘á»ng. CÃ²n Midu thÃ¬ k gÃ¢y láº¯ng Ä‘á»ng mÃ  chuyá»ƒn hÃ³a trá»±c tiáº¿p canxi vÃ o xÆ°Æ¡ng vÃ  rÄƒng. Náº¿u tráº» Ä‘ang cÃ³ ná»“ng Ä‘á»™ canxi trong mÃ¡u cao (cáº£ trÃªn chuáº©n hay dÆ°á»›i chuáº©n) thÃ¬ Ä‘á»u cÃ³ nhu cáº§u chuyá»ƒn hÃ³a canxi vÃ o Ä‘Ãºng nÆ¡i cáº§n Ä‘áº¿n"
13,Uá»‘ng Arginine cÃ³ bá»‹ dáº­y thÃ¬ sá»›m khÃ´ng?,"Má»™t sá»‘ máº¹ khi sá»­ dá»¥ng ğ€ğ«ğ ğ¢ğ§ğ¢ğ§ Ä‘á»ƒ giÃºp con cao lá»›n vÆ°á»£t trá»™i báº±ng cÃ¡ch tÄƒng ğ¡ğ¨ğ«ğ¦ğ¨ğ§ ğ­ğšÌ†ğ§ğ  ğ­ğ«ğ®Ì›ğ¨Ì›Ì‰ğ§ğ  tá»± nhiÃªn (GH) cÃ³ bÄƒn khoÄƒn lÃ  tÄƒng hormon tÄƒng trÆ°á»Ÿng cÃ³ khiáº¿n con Dáº¬Y THÃŒ Sá»šMCÃ¢u tráº£ lá»i lÃ  CHáº²NG LIÃŠN QUAN GÃŒ Cáº¢ğŸ‘‰ Hormon tÄƒng trÆ°á»Ÿng lÃ  GH cÃ²n hormon sinh dá»¥c pháº§n lá»›n lÃ  testosterone á»Ÿ nam vÃ  estrogen á»Ÿ ná»¯.ğŸ‘‰ Hormon tÄƒng trÆ°á»Ÿng giÃºp báº¡n nhá» lá»›n lÃªn, cÃ²n hormon sinh dá»¥c giÃºp hoÃ n thÃ nh nhiá»‡m vá»¥ sinh sáº£nğŸ‘‰ Hormon tÄƒng trÆ°á»Ÿng Ä‘Æ°á»£c tiáº¿t ra tá»« tuyáº¿n yÃªn, cÃ²n hormon sinh dá»¥c tiáº¿t ra tá»« tuyáº¿n sinh dá»¥c vÃ  tuyáº¿n thÆ°á»£ng tháº­n.ğŸ‘‰ LÃºc nÃ o trong con ngÆ°á»i cÅ©ng cÃ³ hormon tÄƒng trÆ°á»Ÿng. CÃ¡c em bÃ© dÆ°á»›i 1 tuá»•i thÃ¬ hormon tÄƒng trÆ°á»Ÿng ráº¥t máº¡nh. NgÆ°á»i Ä‘Ã£ trÆ°á»Ÿng thÃ nh cÅ©ng váº«n tiáº¿t ra hormon tÄƒng trÆ°á»Ÿng tuy nhiÃªn chá»‰ giÃºp máº­p ra chá»© khÃ´ng cao Ä‘Æ°á»£c ná»¯a do sá»¥n Ä‘áº§u xÆ°Æ¡ng Ä‘Ã£ Ä‘Ã³ng. ğŸ‘‰ ChÃ­nh hormon sinh dá»¥c lÃ  nguyÃªn nhÃ¢n lÃ m Ä‘Ã³ng sá»¥n Ä‘áº§u xÆ°Æ¡ng.Trong má»™t sá»‘ trÆ°á»ng há»£p, viá»‡c dÆ° thá»«a hormon tÄƒng trÆ°á»Ÿng cÃ³ thá»ƒ lÃ m trá»… dáº­y thÃ¬. NÃªn cÃ¡c máº¹ lo láº¯ng vá» viá»‡c tÄƒng hormon tÄƒng trÆ°á»Ÿng sáº½ khiáº¿n con dáº­y thÃ¬ sá»›m lÃ  hoÃ n toÃ n ngÆ°á»£c nhÃ© â€¼ï¸"
14,CÃ³ chÆ°Æ¡ng khuyáº¿n máº¡i khÃ´ng,"Chá»‹ Æ¡i hiá»‡n Midu MenaQ7 táº­p trung vÃ o viá»‡c há»— trá»£ cÃ¡c anh chá»‹ Ä‘á»‘i tÃ¡c kinh doanh thÃ´ng qua huáº¥n luyá»‡n Ä‘Ã o táº¡o Ä‘á»ƒ trá»Ÿ thÃ nh chuyÃªn gia phÃ¡t triá»ƒn chiá»u cao, cÃ¡c cÃ´ng cá»¥ marketing, phá»…u bÃ¡n hÃ ng nhÆ° pháº§n má»m dá»± Ä‘oÃ¡n chiá»u cao... chá»© khÃ´ng táº­p trung vÃ o viá»‡c khuyáº¿n máº¡i chá»‹ ah"
15,"E Æ¡i, nhÆ° báº£ng chá»‰ sá»‘ nÃ y cÃ³ fáº£i hÃ m lÆ°á»£ng canxi bÃªn mÃ¬nh lÃ  quÃ¡ tháº¥p khÃ´ng. Náº¿u giáº£ sá»­ khÃ¡ch há»i mÃ¬nh vá» lÆ°á»£ng canxi nguyÃªn tá»‘ háº¥p thu vÃ o cÆ¡ thá»ƒ, há» tháº¥y chá»‰ sá»‘ bÃªn mÃ¬nh tháº¥p nháº¥t. NgoÃ i viá»‡c mÃ¬nh giáº£i thÃ­ch canxi bÃªn mÃ¬nh háº¥p thu hoÃ n toÃ n trong nÆ°á»›c thÃ¬ cÃ²n Ä‘iá»ƒm trá»™i nÃ o ná»¯a Ä‘á»ƒ thuyáº¿t phá»¥c khÃ¡ch khi há» cá»© cÄƒn cá»© vÃ o hÃ m lÆ°á»£ng trÃªn","Äiá»ƒm khÃ¡c biá»‡t cá»§a dÃ²ng sáº£n pháº©m bÃªn em lÃ : Canxi khÃ´ng láº¯ng Ä‘á»ng + HÃ m lÆ°á»£ng k2 cao (cÃ³ thá»ƒ tá»± tin cao nháº¥t thá»‹ trÆ°á»ng + ChuyÃªn chá»Ÿ lÃ  vitamin D3. Ba máº¹ cÃ³ thá»ƒ dá»… dáº¡ng bá»• sung canxi qua thá»±c pháº©m vÃ  bá»¯a Äƒn hÃ ng ngÃ y. NhÆ°ng cháº¥t dáº«n K2 VÃ€ D3 thÃ¬ khÃ´ng. Äá»ƒ cÃ³ Ä‘Æ°á»£c 180 mcg K2 con cáº§n bá»• sungğŸ¥š 48 quáº£ trá»©ngğŸ¥› 24 lÃ­t sá»¯a ğŸ„ 19.2 kg thá»‹t bÃ² KhÃ´ng thá»ƒ bá»• sung lÆ°á»£ng thá»±c pháº©m lá»›n vÃ o trong cÆ¡ thá»ƒ vÃ  trong 1 ngÃ y Ä‘Æ°á»£c. Bá»” SUNG CANXI NHIá»€U KHÃ”NG Tá»T, Bá»” SUNG K2 NHIá»€U Má»šI Tá»T chá»‹ nhÃ©"
16,CÃ³ tÃ¡c dá»¥ng vá»›i Ä‘au khá»›p khÃ´ng,Äá»‘i vá»›i ngÆ°á»i Ä‘au khá»›p. ÄÆ°Æ¡ng nhiÃªn Midu MenaQ7 sáº½ há»— trá»£ cho xÆ°Æ¡ng ráº¥t tá»‘t. Tuy nhiÃªn váº«n nÃªn dÃ¹ng thÃªm sáº£n pháº©m bá»• sung cÃ³ tÃ¡c dá»¥ng trÆ¡n khá»›p ná»¯a
17,há»™i chá»©ng giÃ£n Ä‘Ã i bá»ƒ tháº­n Ä‘Ã³ háº¹p á»‘ng ná»‘i niá»‡u quáº£n,KhÃ´ng nÃªn sá»­ dá»¥ng cÃ¡c loáº¡i canxi láº¯ng Ä‘á»ng sáº½ gÃ¢y ra sá»i tháº­n. KhÃ´ng nÃªn nhá»‹n tiá»ƒu vÃ  khÃ´ng uá»‘ng nhiá»u nÆ°á»›c cÃ¹ng 1 lÃºc.
18,Báº§u 5 thÃ¡ng cÃ³ dÃ¹ng Midu?,"Trá»« nhá»¯ng trÆ°á»ng hÆ¡p bá»‡nh lÃ­ Ä‘áº·c biá»‡t, máº¹ cÃ³ thá»ƒ bá»• sung canxi ngay tá»« thÃ¡ng Ä‘áº§u tiÃªn. BÃ¡c sÄ© nÃ³i bá»• sung canxi tá»« thÃ¡ng thá»© 3 kháº£ nÄƒng khÃ´ng pháº£i lÃ  ""3 thÃ¡ng má»›i uá»‘ng Ä‘Æ°á»£c"" mÃ  lÃ  do sau 3 thÃ¡ng thÃ¬ con má»›i hÃ¬nh thÃ nh xÆ°Æ¡ng. Cho nÃªn uá»‘ng á»Ÿ giai Ä‘oáº¡n tá»« thÃ¡ng thá»© 4 thÃ¬ tá»‘t cho viá»‡c hÃ¬nh thÃ nh xÆ°Æ¡ng cho con.NhÆ°ng máº¹ cÃ³ thá»ƒ uá»‘ng ngay tá»« thÃ¡ng Ä‘áº§u tiÃªn Ä‘á»ƒ chuáº©n bá»‹ ná»n táº£ng tá»‘t. VÃ¬ xÆ°Æ¡ng cá»§a con thÃ¬ cÅ©ng váº«n lÃ  láº¥y canxi tá»« máº¹. Trong giai Ä‘oáº¡n 3 thÃ¡ng Ä‘áº§u, máº¹ uá»‘ng lÃ  cho máº¹ chá»© chÆ°a pháº£i cho con."
19,NhÃ³m zalo vá» sáº£n pháº©m & BÃ i viáº¿t,"Khi nÃ o chá»‹ tá»‘t nghiá»‡p sáº½ Ä‘Æ°á»£c add vÃ o nhÃ³m vÃ  khÃ´ng pháº£i chá»‰ cÃ³ bÃ i viáº¿t mÃ  cÃ²n ráº¥t nhiá»u tÃ i nguyÃªn khÃ¡c. Midu khÃ´ng khuyáº¿n khÃ­ch cÃ¡c anh, chá»‹ bÃ¡n hÃ ng khi chÆ°a tá»‘t nghiá»‡p nÃªn khÃ´ng cung cáº¥p content sá»›m. Trong thá»i gian nÃ y, anh chá»‹ tráº£i nghiá»‡m cho con mÃ¬nh thÃ¬ Ä‘Æ°á»£c. CÃ²n bÃ¡n hÃ ng cáº§n tháº¥u triá»‡t. LÃ m má»™t láº§n thÃ nh sá»± nghiá»‡p Ä‘á»ƒ Ä‘á»i luÃ´n. Náº¿u khÃ´ng thÃ nh bÃ  xÃ³m, bÃ¡n Ä‘á»§ cÃ¡c loáº¡i táº¡p hÃ³a mÃ  khÃ´ng sÃ¢u sáº¯c lÄ©nh vá»±c nÃ o"
20,Con quÃ¡ tuá»•i cao,"NhÃ¬n nhá»¯ng báº¡n á»Ÿ tuá»•i nÃ y má»›i lo láº¯ng Ä‘áº¿n chiá»u cao thÃ¬ mÃ¬nh tháº¥y tiáº¿c vÃ´ cÃ¹ng. Tháº¿ nÃªn má»›i nÃ³i Ä‘iá»u mÃ  má»i ngÆ°á»i cáº§n lÃ m lÃ  thay Ä‘á»•i tÆ° duy. TÆ° duy thay Ä‘á»•i, chiá»u cao tháº¿ há»‡ sáº½ thay Ä‘á»•i.NhÆ°ng cÅ©ng chá»‰ máº¥y nÄƒm ná»¯a thÃ´i, cÃ¡c anh, chá»‹ sáº½ tháº¥y rÃµ. TÆ° duy ngÆ°á»i Viá»‡t sáº½ thay Ä‘á»•i. Sáº½ giáº£m háº³n tÆ° duy nghÄ© tá»›i tÄƒng chiá»u cao khi quÃ¡ muá»™n ná»¯a. ChÃºng ta chÃ­nh lÃ  sá»© giáº£ cho Ä‘iá»u tuyá»‡t vá»i nÃ y"
21,Uá»‘ng Midu thay tháº¿ cho viá»‡c uá»‘ng sá»¯a canxi (NgÆ°á»i trÃªn 45 tuá»•i cáº§n bá»• sung canxi),NgÆ°á»i trÃªn 45 tuá»•i náº¿u Ä‘ang Ä‘au cáº¥p dÃ¹ng Midu 180 2 - 3 á»‘ng. CÃ²n duy trÃ¬ Ä‘á»ƒ khÃ´ng bá»‹ Ä‘au thÃ¬ dÃ¹ng Midu 360 má»—i ngÃ y 1 viÃªn Midu thÃ nh pháº§n chÃ­nh lÃ  K2 - MenaQ7 chá»© chá»‰ bá»• sung canxi thÃ¬ khÃ´ng háº¥p thá»¥ Ä‘Æ°á»£c vÃ o xÆ°Æ¡ng. Náº¿u uá»‘ng sá»¯a bá»• sung canxi mÃ  váº«n Ä‘au tháº­m chÃ­ láº¯ng Ä‘á»ng thÃ¬ cÃ²n nguy hiá»ƒm hÆ¡n
22,KhÃ´ng nháº­p Ä‘Æ°á»£c máº­t kháº©u,
23,Sai ngÃ y sinh,
24,PhÃ¡c Ä‘á»“ chÃ­nh xÃ¡c bao nhiÃªu %?,ÄÃºng 95% náº¿u thÃ³i quen sinh hoáº¡t vÃ  bá»• sung váº«n nhÆ° váº­y.CÃ²n khi mÃ¬nh cÃ³ Ä‘iá»u chá»‰nh theo Ä‘á»‹nh hÆ°á»›ng cá»§a Midu MenaQ7 thÃ¬ Ä‘Æ°Æ¡ng nhiÃªn lÃ  chiá»u cao cá»§a con sáº½ tÄƒng lÃªn vÃ  lÃ m tháº¿ nÃ o Ä‘á»ƒ dá»± bÃ¡o SAI lÃ  viá»‡c cá»§a phá»¥ huynh vÃ  cá»§a Midu MenaQ7 mÃ 
25,"BÃ¡c sÄ© HiÃªn khÃ´ng pháº£i lÃ  ngÆ°á»i tÆ° váº¥n há»— trá»£ cÃ¡c cÃ¢u há»i trong gr mÃ¬nh háº£ cÃ¡c báº¡n quáº£n trá»‹ oi. VÃ¬ hiá»‡n tráº¡ng sá»©c khá»e thÃ¬ muÃ´n hÃ¬nh muÃ´n váº»,","BÃ¡c sÄ© HiÃªn lÃ  nhÃ  sÃ¡ng láº­p cá»§a Midu MenaQ7 chá»© khÃ´ng pháº£i lÃ  má»™t chuyÃªn gia bÃªn ngoÃ i. NÃªn Ä‘Æ°Æ¡ng nhiÃªn bÃ¡c sÄ© luÃ´n sáºµn sÃ ng há»— trá»£ cÃ¡c anh chá»‹ vÃ  khÃ¡ch hÃ ng. HÆ¡n ná»¯a vá»›i cÃ¡i tÃ¢m ráº¥t lá»›n vÃ  sá»© má»‡nh muá»‘n tÄƒng chiá»u cao cho ngÆ°á»i Viá»‡t thÃ¬ cáº£ nhÃ  cÅ©ng sáº½ luÃ´n tháº¥y ráº±ng, viá»‡c giÃºp cÃ¡c anh chá»‹ Ä‘á»ƒ cÃ¡c anh chá»‹ giÃºp con cao lÃ  viá»‡c Æ°u tiÃªn sá»‘ 1 cá»§a bÃ¡c sÄ©Tuy nhiÃªn, vá»›i cÃ¡c cÃ¢u há»i vá» liá»u lÆ°á»£ng, cÃ¡ch dÃ¹ng thÃ¬ hoÃ n toÃ n cÃ¡c dÆ°á»£c sÄ© cá»§a Midu MenaQ7 sáº½ tráº£ lá»i Ä‘Æ°á»£c.CÃ²n vá»›i bÃ¡c sÄ© cÅ©ng Ä‘Ã£ 50 tuá»•i vÃ  khÃ´ng pháº£i lÃ  ngÆ°á»i nhanh nháº¹n vá»›i cÃ¡c thiáº¿t bá»‹ Ä‘iá»‡n tá»­, viá»‡c sá»­ dá»¥ng Ä‘iá»‡n thoáº¡i Ä‘á»ƒ nháº¯n tin lÃªn hÃ ng chá»¥c nhÃ³m cÅ©ng gáº·p khÃ³ khÄƒn vá»›i bÃ¡c sÄ©. NÃªn chá»‰ cÃ¡c cÃ¢u há»i sÃ¢u vá» sá»©c khá»e thÃ¬ cÃ¡c báº¡n sáº½ nhá» bÃ¡c sÄ© tráº£ lá»i riÃªng. VÃ  cÃ³ nhá»¯ng váº¥n Ä‘á» gÃ¬ cáº§n tráº£ lá»i sÃ¢u, Ä‘áº§y Ä‘á»§ thÃ¬ anh chá»‹ cÃ³ thá»ƒ xin lá»‹ch háº¹n qua admin Ä‘á»ƒ bÃ¡c sÄ© tÆ° váº¥n 1:1 qua Ä‘iá»‡n thoáº¡i.Nhá»¯ng anh chá»‹ Ä‘Ã£ tá»«ng káº¿t ná»‘i 1:1 vá»›i bÃ¡c sÄ© Ä‘á»u tháº¥y ráº±ng bÃ¡c sÄ© ráº¥t nhiá»‡t tÃ¬nh vÃ  táº­n tÃ¢m vá»›i tá»«ng cÃ¡c con, tá»«ng anh chá»‹ Ä‘á»‘i tÃ¡c Droppii, cÃ³ pháº£i tháº¿ khÃ´ng áº¡"
26,BÃ¡c sÄ© HiÃªn lÃ m viá»‡c á»Ÿ viá»‡n nÃ o,"BÃ¡c sÄ© HiÃªn lÃ  bÃ¡c sÄ© chuyÃªn khoa Nhi vÃ  cÃ³ nhiá»u nÄƒm lÃ m viá»‡c vá»›i vai trÃ² lÃ  chuyÃªn gia dinh dÆ°á»¡ng cá»§a cÃ¡c cÃ´ng ty NestlÃ©, Mead Johnson"
27,Trucal Ä‘Æ°á»£c sá»­ dá»¥ng trong sáº£n pháº©m Midu MenaQ7 360mcg vá»›i hÃ m lÆ°á»£ng 700mg tá»‰ lá»‡ 23%. 23% nghÄ©a lÃ  gÃ¬,
28,Midu 180 chá»©a thÃ nh pháº§n B6,"Trong Midu 180 nÃ³ cÃ³ thÃ nh pháº§n B6 cÃ³ thá»ƒ lÃ m tá»‰nh tÃ¡o, nÃªn chuyá»ƒn sang dÃ¹ng buá»•i sÃ¡ng Ä‘á»ƒ trÃ¡nh máº¥t ngá»§ cho cÃ¡c bÃ©"
29,Táº¡o QR code,Anh chá»‹ em Ä‘Ã£ cÃ³ tÃ i khoáº£n quáº£n trá»‹ pháº§n má»m dá»± Ä‘oÃ¡n chiá»u cao cÃ³ thá»ƒ tá»± táº¡o QRCode cá»§a mÃ¬nh ráº¥t hay qua link nÃ y nhÃ©: https://m.me/hocvien.midu.droppii?ref=TaoQR
30,Nguá»“n gá»‘c cá»§a Canxi,"MenaQ7 (K2) lÃ  Natto Pharma á»Ÿ NaUy hiá»‡n bÃ¢y giá» Ä‘Ã£ sÃ¡t nháº­p vá»›i táº­p Ä‘oÃ n Le Saffre cá»§a PhÃ¡p.Midu 360 cÃ³ gá»‘c canxi Trucal lÃ  cá»§a Má»¹ (cÃ¡c anh chá»‹ google vá» trucal D7 thÃ¬ thÃ´ng tin ráº¥t lÃ  nhiá»u)Midu180 lÃ  Calci glucoheptonate cá»§a PhÃ¡pÄÃ³ lÃ  nhá»¯ng cÃ¡i chÃ­nh thÃ´i. CÃ²n tÃ¡ dÆ°á»£c thÃ¬ nhiá»u thá»© láº¯m. CÃ³ thá»© á»Ÿ Viá»‡t Nam cÅ©ng tá»•ng há»£p Ä‘Æ°á»£c.NhÆ°ng nguyÃªn liá»‡u chÃ­nh cá»§a sáº£n pháº©m cá»§a mÃ¬nh váº«n lÃ  MenaQ7. Key cá»§a viá»‡c tÄƒng chiá»u cao cho tráº» em vÃ  chá»‘ng loÃ£ng xÆ°Æ¡ng, giáº£m nguy cÆ¡ tim máº¡ch cho ngÆ°á»i giÃ  vÃ  nÃ³ cÅ©ng lÃ  Ä‘áº¯t nháº¥tMáº·c dÃ¹ cÃ´ng ty Natto Pharma lÃ  cÃ´ng ty cÃ³ trá»¥ sá»Ÿ á»Ÿ Na Uy vÃ  bÃ¢y giá» há» Ä‘Ã£ sÃ¡t nháº­p vá»›i Le Saffre lÃ  cÃ´ng ty cÃ³ trá»¥ sá»Ÿ á»Ÿ PhÃ¡p. NhÆ°ng nhá»¯ng hÃ£ng dÆ°á»£c nÃ y há» cÅ©ng cÃ³ nhÃ  mÃ¡y á»Ÿ nhiá»u nÆ°á»›c khÃ¡c ná»¯a. Cháº³ng háº¡n Vitamin K2 (MenaQ7) mÃ¬nh Ä‘ang nháº­p láº¡i chá»§ yáº¿u lÃ  láº¥y á»Ÿ kho á»Ÿ Má»¹.D3 lÃ  nguyÃªn liá»‡u phá»• thÃ´ng - khÃ´ng cÃ³ sá»± chÃªnh lá»‡ch Ä‘Ã¡ng ká»ƒ vá» cháº¥t lÆ°á»£ng giá»¯a cÃ¡c nguá»“n nguyÃªn liá»‡u. NÃªn nguyÃªn liá»‡u D3 lÃ  do nhÃ  mÃ¡y DÆ°á»£c HÃ  TÃ¢y tá»± cung cáº¥p. Nguá»“n cÅ©ng Ä‘a dáº¡ng nhÆ°ng Ä‘a pháº§n lÃ  cá»§a áº¤n Ä‘á»™ áº¡"
31,cÃ³ thá»ƒ dÃ¹ng chung vá»›i canxi khÃ¡c Ä‘Æ°á»£c khÃ´ng?,CÃ³ thá»ƒ dÃ¹ng chung Ä‘Æ°á»£c chá»‹ nhÃ© nhÆ°ng em khÃ´ng khuyáº¿n khÃ­ch mÃ¬nh dÃ¹ng chung 2 sáº£n pháº©m vá»›i nhau. Má»—i sáº£n pháº©m sáº½ cÃ³ liá»u lÆ°á»£ng phÃ¹ há»£p vá»›i cÆ¡ thá»ƒ trÃ¡nh tÃ¬nh trang dÃ¹ng chung gÃ¢y ra bá»• sung quÃ¡ nhiá»u gÃ¢y dÆ° thá»«a cháº¥t áº¡
32,Báº§u dÆ°á»›i 3 thÃ¡ng cá»§a uá»‘ng Ä‘Æ°á»£c khÃ´ng? BÃ¡c sÄ© nÃ³i trÃªn 3 thÃ¡ng má»›i uá»‘ng canxi,"Trá»« nhá»¯ng trÆ°á»ng hÆ¡p bá»‡nh lÃ­ Ä‘áº·c biá»‡t, máº¹ cÃ³ thá»ƒ bá»• sung canxi ngay tá»« thÃ¡ng Ä‘áº§u tiÃªn. BÃ¡c sÄ© nÃ³i bá»• sung canxi tá»« thÃ¡ng thá»© 3 kháº£ nÄƒng khÃ´ng pháº£i lÃ  ""3 thÃ¡ng má»›i uá»‘ng Ä‘Æ°á»£c"" mÃ  lÃ  do sau 3 thÃ¡ng thÃ¬ con má»›i hÃ¬nh thÃ nh xÆ°Æ¡ng. Cho nÃªn uá»‘ng á»Ÿ giai Ä‘oáº¡n tá»« thÃ¡ng thá»© 4 thÃ¬ tá»‘t cho viá»‡c hÃ¬nh thÃ nh xÆ°Æ¡ng cho con.NhÆ°ng máº¹ cÃ³ thá»ƒ uá»‘ng ngay tá»« thÃ¡ng Ä‘áº§u tiÃªn Ä‘á»ƒ chuáº©n bá»‹ ná»n táº£ng tá»‘t. VÃ¬ xÆ°Æ¡ng cá»§a con thÃ¬ cÅ©ng váº«n lÃ  láº¥y canxi tá»« máº¹. Trong giai Ä‘oáº¡n 3 thÃ¡ng Ä‘áº§u, máº¹ uá»‘ng lÃ  cho máº¹ chá»© chÆ°a pháº£i cho con"
33,So sÃ¡nh Midu 180 vÃ  360? So sÃ¡nh hÃ m lÆ°á»£ng canxi nhÆ° nhau nhÆ°ng giÃ¡ thÃ nh khÃ¡c nháº¡u,KhÃ¡c nhau á»Ÿ dáº¡ng bÃ o cháº¿: ViÃªn vÃ  nÆ°á»›cKhÃ¡c nhau á»Ÿ gá»‘c canxi cá»§a Midu 180 lÃ  Canxi Glucoheptonate (canxi hÃ²a tan tá»‘t nháº¥t tháº¿ giá»›i kháº£ nÄƒng hÃ²a tan 100% vÃ  Ä‘áº·c biá»‡t tá»‘t cho viá»‡c tÄƒng chiá»u cao) cÃ²n canxi cá»§a Midu 360 lÃ  Trucal (canxi vÃ  há»‡ khoÃ¡ng cháº¥t tÃ¡ch chiáº¿t tá»« sá»¯a - Ä‘áº·c biá»‡t tá»‘t cho loÃ£ng xÆ°Æ¡ng)KhÃ¡c nhau á»Ÿ hÃ m lÆ°á»£ng MenaQ7 trong Midu 360 cao gáº¥p Ä‘Ã´i so vá»›i Midu 180. Do MenaQ7 lÃ  Ä‘áº¯t nháº¥t vÃ  bá» xa cÃ¡c nguyÃªn liá»‡u cÃ²n láº¡i (chiáº¿m tá»›i hÆ¡n 80% giÃ¡ trá»‹ thÃ nh pháº©m) nÃªn hÃ m lÆ°á»£ng MenaQ7 quyáº¿t Ä‘á»‹nh giÃ¡ sáº£n pháº©m chá»© khÃ´ng pháº£i canxi.
34,XÆ°Æ¡ng thá»§y tinh cÃ³ dÃ¹ng Ä‘Æ°á»£c sp cá»§a Midu khÃ´ng?,sáº£n pháº©m MiduMenaQ7 ráº¥t ráº¥t cáº§n cho BÃªnh nhÃ¢n XÆ°Æ¡ng Thá»§y Tinh a .VÃ¬ Vitamin K2 lÃ m cho xÆ°Æ¡ng cháº¯c khá»e chá»‹u Ä‘Æ°Æ¡c lá»±c nÃ©n( lá»±c trÆ°c tiáº¿p theo phÆ°Æ¡ng tháº³ng Ä‘á»©ng ) vÃ  chá»‹u lá»±c tÃ¡c Ä‘á»™ng ngang nÃªn ráº¥t cáº§n cho bá»‡nh nhÃ¢n xÆ°Æ¡ng thá»§y tinh: dÃ²n dá»… gÃ£y
35,Khi dÃ¹ng Midu giai Ä‘oáº¡n Ä‘áº§u cÃ¡c con cáº£m tháº¥y Ä‘au nhá»©c Ä‘áº§u gá»‘i,ÄÃ¢y chÃ­nh lÃ  dáº¥u hiá»‡u tá»‘t cho tháº¥y báº¡n nhá» Ä‘Ã£ háº¥p thá»¥ Ä‘Æ°á»£c tá»‘i Ä‘a nháº¥t cÃ¡c dÆ°á»¡ng cháº¥t vÃ o cÆ¡ thá»ƒ. Hiá»‡n tÆ°á»£ng Ä‘áº¥y gá»i lÃ  Ä‘au nhá»©c CÆ¡n Ä‘au tÄƒng trÆ°á»Ÿng
36,CÃ¡c bá»‡nh nhÃ¢n Ä‘Ã£ cáº¯t tuyáº¿n giÃ¡p cÃ³ sá»­ dá»¥ng Ä‘Æ°á»£c khÃ´ng,Khi Ä‘Ã£ cáº¯t tuyáº¿n giÃ¡p thÃ¬ cÆ¡ thá»ƒ khÃ³ báº¯t Ä‘Æ°á»£c canxi vÃ o cÆ¡ thá»ƒ vÃ  nÃªn sá»­ dá»¥ng Midu 180
37,"C cÃ³ thá»ƒ giáº£i thÃ­ch giÃºp e chÃºt Ä‘c k áº¡? E Ä‘á»c 1 sá»‘ tÃ i liá»‡u cÃ³ nÃ³i hÃ m lÆ°á»£ng canxi bá»• sung má»—i ngÃ y cho má»—i Ä‘á»™ tuá»•i lÃ  khÃ¡c nhau. Tá»« 9 tuá»•i trá»Ÿ lÃªn má»›i bá»• sung hÃ m lÆ°á»£ng tá»« 1200mg/ngÃ y. MÃ  má»—i á»‘ng bÃªn mÃ¬nh cÃ³ chá»© 1100mg, mÃ  liá»u lÆ°á»£ng cÃ¡c bÃ© sd tÃ¹y má»©c Ä‘á»™ láº¡i 1-3 á»‘ng 1 ngÃ y, ká»ƒ cáº£ nhá» tuá»•i. Má»—i ngÃ y cÃ¡c bÃ© cÅ©ng bá»• sung canxi tá»« thá»©c Äƒn rá»“i. NhÆ° váº­y cÃ³ bá»‹ quÃ¡ liá»u k áº¡",Canxi Ä‘Æ°á»£c khuyáº¿n cÃ¡o sá»­ dá»¥ng hÃ ng ngÃ y Ä‘Ã³ lÃ  canxi nguyÃªn tá»‘. CÃ²n lÆ°á»£ng 1100mg lÃ  nguyÃªn liá»‡u canxi trong sáº£n pháº©m. Äá»‘i vá»›i Midu MenaQ7 180mcg dÃ¹ng nguyÃªn liá»‡u canxi glucoheptonate thÃ¬ tá»‰ lá»‡ canxi nguyÃªn tá»‘ chá»‰ chiáº¿m khoáº£ng 10% tá»©c lÃ  chá»‰ cÃ³ khoáº£ng hÆ¡n 100mg canxi nguyÃªn tá»‘ trong 1 á»‘ng mÃ  thÃ´i.CÃ²n trong Midu MenaQ7 360mcg dÃ¹ng canxi Trucal 700mg thÃ¬ tá»‰ lá»‡ canxi nguyÃªn tá»‘ chiáº¿m 23.5% tá»©c cÃ³ khoáº£ng 164.5mg/viÃªn chá»‹ nhÃ©
38,Canxi Nano,"Äiá»ƒm Ä‘áº·c biá»‡t cá»§a canxi nano Ä‘Ãºng lÃ  tÄƒng kháº£ nÄƒng gáº¥p 200 láº§n so vá»›i kháº£ nÄƒng háº¥p thu canxi trong cÃ¡c nhÃ³m thÃ´ng thÆ°á»ngNhÆ°ng vá»›i cÃ¡c vi phÃ¢n tá»­ nhá», nÃ³ sáº½ vÃ´ tÃ¬nh vÃ o hÃ ng rÃ o Bowman cá»§a tháº­n vÃ  sáº½ gÃ¢y ra láº¯ng Ä‘á»ng nhiá»u hÆ¡n. HÆ¡n ná»¯a canxi nano cÃ³ thá»ƒ tá»± Ä‘á»™ng Ä‘i vÃ o cÃ¡c cÆ¡ quan tá»• chá»©c vÃ  gÃ¢y ra láº¥p Ä‘áº§y thÃ nh máº¡ch, ráº¥t dá»… gÃ¢y táº¯c máº¡ch anh nhÃ©."
39,,Canxi nano lÃ  nÃ³i vá» kÃ­ch thÆ°á»›c phÃ¢n tá»­ vÃ  cÃ´ng nghá»‡ sáº£n xuáº¥t. CÃ²n há»¯u cÆ¡ vÃ´ cÆ¡ lÃ  nÃ³ liÃªn quan tá»›i cáº¥u trÃºc hÃ³a há»c. VÃ´ cÆ¡ váº«n cÃ³ thá»ƒ kÃ­ch thÆ°á»›c micro hoáº·c kÃ­ch thÆ°á»›c nanoNÃªn so sÃ¡nh thÃ¬ mÃ¬nh chá»‰ so sÃ¡nh canxi há»¯u cÆ¡ vÃ  canxi vÃ´ cÆ¡ vá»›i nhau.
40,Canxi sinh há»c lÃ  gÃ¬?,"CÃ³ 1-2 sáº£n pháº©m gáº§n Ä‘Ã¢y cÅ©ng quáº£ng cÃ¡o lÃ  canxi sinh há»c. Thá»±c ra Ä‘Ã¢y lÃ  cÃ¡ch gá»i thÃ´i cÃ²n báº£n cháº¥t thÃ¬ cÃ¡i gÃ¬ cÅ©ng lÃ  sinh há»c háº¿t. NhÆ° canxi sinh há»c á»Ÿ nhá»¯ng cÃ´ng ty nÃ y quáº£ng cÃ¡o thÃ¬ nÃ³ cÅ©ng lÃ  1 há»‡ khoÃ¡ng cháº¥t khÃ´ng pháº£i chá»‰ mÃ¬nh canxi. Báº£n cháº¥t Trucal cá»§a mÃ¬nh cÅ©ng váº­y, lÃ  má»™t há»‡ khoÃ¡ng cháº¥t Ä‘Æ°á»£c tÃ¡ch chiáº¿t tá»« sá»¯a.CÃ²n káº¿t quáº£ tá»« canxi gá»i lÃ  canxi sinh há»c thÃ¬ chÆ°a rÃµ vÃ¬ chÆ°a Ä‘á»§ thá»i gian Ä‘á»ƒ táº¡o ra káº¿t quáº£ vÃ  chÆ°a cÃ³ nghiÃªn cá»©u lÃ¢m sÃ ng cá»¥ thá»ƒ."
41,"glucosamin cÃ³ trong Midu360 Ä‘Æ°á»£c khuyáº¿n cÃ¡o khÃ´ng dÃ¹ng cho tráº» dÆ°á»›i 18 tuá»•i, phá»¥ ná»¯ cÃ³ thai vÃ  Ä‘ang cho con bÃº?","Glucosamin lÃ  cháº¥t giÃºp há»— trá»£ Ä‘iá»u trá»‹ xÆ°Æ¡ng khá»›p. Vá»›i liá»u lÆ°á»£ng thÆ°á»ng dÃ¹ng cho bá»‡nh nhÃ¢n bá»‹ bá»‡nh khá»›p lÃ  1500mg. Theo cÃ¡c tÃ i liá»‡u, bÃ i bÃ¡o á»Ÿ trÃªn thÃ¬ glucosamin vá»›i liá»u lÆ°á»£ng tÆ°Æ¡ng tá»± khÃ´ng nÃªn dÃ¹ng cho tráº» emNhÆ°ng glucosamin dÃ¹ng trong Midu MenaQ7 360 khÃ´ng pháº£i vá»›i má»¥c tiÃªu vÃ  liá»u lÆ°á»£ng nhÆ° viá»‡c há»— trá»£ Ä‘iá»u trá»‹ xÆ°Æ¡ng khá»›p mÃ  Ä‘Ã¢y lÃ  1 trong 4 hoáº¡t cháº¥t cá»§a Há»‡ Cartidyss. VÃ  trong Cartidyss thÃ¬ chá»‰ dÃ¹ng khoáº£ng 6.4-9.6mg. Cáº£ 4 hoáº¡t cháº¥t trong Cartidyss sáº½ hiá»‡p Ä‘á»“ng tÃ¡c dá»¥ng Ä‘á»ƒ há»— trá»£ phÃ¡t triá»ƒn há»‡ cÃ¢n cÆ¡, Ä‘á»ƒ cÃ¹ng phÃ¡t triá»ƒn vá»›i xÆ°Æ¡ng.Cartidyss lÃ  há»‡ dÆ°á»£c cháº¥t bao gá»“m 4 hoáº¡t cháº¥t trÃªn (áº£nh thÃ nh pháº§n midu360) khÃ´ng tÃ¡ch rá»i vÃ  tá»•ng táº¥t cáº£ chá»‰ 50mg."
42,thoÃ¡i hÃ³a cá»™t sá»‘ng,"ThoÃ¡i hÃ³a cá»‘t sá»‘ng lÃ  do loÃ£ng xÆ°Æ¡ng, pháº§n xÆ°Æ¡ng dÆ°á»›i sá»¥n bá»‹ tá»•n thÆ°Æ¡ng, giáº£m hoáº·c máº¥t tÃ­nh Ä‘Ã n há»“i cá»§a Ä‘Ä©a Ä‘á»‡m chá»‹ bá»• sung lÃ  Midu 360 1 viÃªn/ngÃ y. Bá»• sung thÃªm nhiá»u nÆ°á»›c vÃ  thÆ°á»ng xuyÃªn váº­n Ä‘á»™ng tÄƒng Ä‘á»™ dáº»o dai cho vÃ¹ng cá»™t sá»‘ng. TrÃ¡nh mang vÃ¡c náº·ng chá»‹ nhÃ©"
43,ThoÃ¡t vá»‹ Ä‘Ä©a Ä‘á»‡m,"ThoÃ¡t vá»‹ Ä‘Ä©a Ä‘á»‡m Ä‘Ã¨ Ã©p vÃ o rá»… dÃ¢y tháº§n kinh tá»a sáº½ gÃ¢y chá»©ng Ä‘au tháº¯t lÆ°ng,Theo thá»i gian, nhÃ¢n Ä‘á»‡m bá»‹ máº¥t dáº§n thÃ nh pháº§n nÆ°á»›c vÃ  trá»Ÿ nÃªn cá»©ng, giÃ²n, dá»… gÃ£y, trÆ°á»£t ra khá»i vá»‹ trÃ­ báº£n lá» giá»¯a hai Ä‘á»‘t sá»‘ng. chá»‹ cho khÃ¡ch sá»­ dá»¥ng Midu180 4 á»‘ng/ngÃ y trong 3 thÃ¡ng sau Ä‘Ã³ duy trÃ¬ 1 viÃªn Midu360/ngÃ y áº¡ duy trÃ¬ 1 viÃªn midu 360/ ngÃ y. trÃ¡nh mang vÃ¡c náº·ng chá»‹ nhÃ©"
44,ngÆ°Æ¡Ì€i lÆ¡Ìn biÌ£ mÆ¡Ìƒ maÌu cao thiÌ€ duÌ€ng midu 360 coÌ giuÌp laÌ€m saÌ£ch thaÌ€nh maÌ£ch Ä‘Æ°Æ¡Ì£c k áº¡,"NgÆ°á»i bá»‹ má»¡ mÃ¡u cao lÃ  Cholesterol xáº¥u cÃ ng cao cÃ ng lÃ m cho xÆ¡ vá»¯a Ä‘á»™ng máº¡ch, tá»« Ä‘Ã³ sáº½ háº¡n cháº¿ lÆ°u thÃ´ng mÃ¡u, Midu cÃ³ thÃ nh pháº§n K2 vÆ°á»£t trá»™i lÃ m sáº¡ch máº¡ch mÃ¡u, lÆ°u thÃ´ng khÃ­ huyáº¿t, chá»‹ cho bá»• sung Midu 180 2 á»‘ng/ngÃ y chá»‹ nhÃ©"
45,"CÃ¡c anh chá»‹ cho em há»i, khÃ¡ch bÃªn em cÃ³ há»i liá»u lÆ°á»£ng Vitamim K2 dÆ°á»›i dáº¡ng MK7 thÃ¬ theo khuyáº¿n nghá»‹ lÃ  dÃ¹ng tá»« 150mcg - 180mcg /ngÃ y. Váº­y trÆ°á»ng há»£p bÃ© dÃ¹ng 2 á»‘ng /ngÃ y thÃ¬ lÃ  dÆ° thá»«a vitamin K2 Ä‘Ãºng ko áº¡. Mong anh chá»‹ giáº£i Ä‘Ã¡p giÃºp.","Khuyáº¿n nghá»‹ Ä‘Ã³ lÃ  HÃ£ng khuyáº¿n cÃ¡o vá»›i cÃ¡c báº¡n bÃ¬nh thÆ°á»ng thá»ƒ tráº¡ng tá»‘t. Äáº·c biá»‡t lÃ  cÃ¡c báº¡n phÆ°Æ¡ng TÃ¢y má»¥c tiÃªu vá» chiá»u cao lÃ  khÃ´ng nhiá»u. CÃ²n cÃ¡c báº¡n muá»‘n cao hÆ¡n, muá»‘n vÆ°á»£t trá»™i thÃ¬ cáº§n pháº£i dÃ¹ng vá»›i liá»u lÆ°á»£ng cao hÆ¡n. CÃ³ nhá»¯ng trÆ°á»ng há»£p Ä‘áº·c biá»‡t hiá»‡n táº¡i BÃ¡c sÄ© HiÃªn cho dÃ¹ng liá»u lÆ°á»£ng 1800mcg 1 ngÃ y (tÆ°Æ¡ng Ä‘Æ°Æ¡ng 10 á»‘ng). Vitamin K2 tan tá»‘t trong nÆ°á»›c vÃ  náº¿u dÆ° thá»«a sáº½ Ä‘Ã o tháº£i hoÃ n toÃ n."
46,canxi glucoheptonat Ä‘Æ°á»£c chiáº¿t xuáº¥t tá»« Ä‘Ã¢u?,Muá»‘i Canxi Glucoheptonat Ä‘Æ°á»£c tá»•ng há»£p trong phÃ²ng thÃ­ nghiá»‡m vÃ  Ä‘Æ°á»£c sáº£n xuáº¥t á»Ÿ nhÃ  mÃ¡y hÃ³a dÆ°á»£c. khÃ´ng pháº£i lÃ  sáº£n pháº©m Ä‘Æ°á»£c chiáº¿t xuáº¥t tá»« tá»± nhiÃªn nÃªn cÃ³ cháº¥t lÆ°á»£ng vÃ´ cÃ¹ng á»•n Ä‘á»‹nh
47,giÃ£n tÄ©nh máº¡ch,"CÃ³ thá»ƒ dÃ¹ng Ä‘Æ°á»£c chá»‹ nhÃ©, vÃ¬ Midu MenaQ7 cÃ³ thá»ƒ lÃ m sáº¡ch máº¡ch mÃ¡u. MÃ¬nh sá»­ dá»¥ng Midu 180 2 á»‘ng/ngÃ y lá»™ trÃ¬nh trong 6 thÃ¡ng, cÃ¡c trÆ°á»ng há»£p giÃ£n náº·ng thÃ¬ mÃ¬nh khuyÃªn khÃ¡ch lÃ  Ä‘eo táº¥t, Ã­t Ä‘i láº¡i, lÃºc ngá»§ kÃª cao gá»‘i chÃ¢n cÅ©ng lÃ  cÃ¡c phÆ°Æ¡ng phÃ¡p Ä‘iá»u trá»‹ áº¡"
48,thalassemia,Vitamin K2 cÃ¢n báº±ng canxi nÃªn khÃ´ng áº£nh hÆ°á»Ÿng Ä‘áº¿n cháº¿ Ä‘á»™ Ä‘Ã´ng mÃ¡u
49,Sá»i tháº­n,"CÃ¡c trÆ°á»ng há»£p sá»i tháº­n thÃ¬ váº«n cÃ³ thá»ƒ dÃ¹ng Ä‘Æ°á»£c anh nhÃ©, VÃ¬ Midu lÃ  Canxi khÃ´ng gÃ¢y láº¯ng Ä‘á»ng nÃªn k gÃ¢y sá»i tháº­n mÃ  pháº§n nÃ o cÃ³ thá»ƒ mÃ³c sá»i tháº­n ra áº¡"
50,"HÆ°á»›ng dáº«n bá»• sung Midu MenaQ7 180mcg cho ngÆ°á»i: ung thÆ° giÃ¡p, bÆ°á»›u cá»•, ung thÆ° xÆ°Æ¡ng, bá»‡nh xÆ°Æ¡ng thá»§y tinh, tiá»ƒu Ä‘Æ°á»ng, cháº¡y tháº­n, cháº¡y tháº­n nhÃ¢n táº¡o.",NgÃ y dÃ¹ng 2 - 4 á»‘ng (hÃ ng ngÃ y)
51,viÃªm tá»¥y,"cÃ³ thá»ƒ dÃ¹ng midu, káº¿t há»£p thÃªm cho dÃ¹ng vá»«ng Ä‘en vÃ  bá»™t sáº¯n dÃ¢y náº¥u chÃ­n giÃºp nhuáº­n trÃ ng"
52,LÆ°á»£ng K2 vÃ  D3 tá»‘i Ä‘a lÃ  bao nhiÃªu?,"K2 Ä‘Æ°á»£c Ä‘Ã¡p á»©ng trÃªn 7 nhÃ³m tráº», nhÃ³m sÆ¡ sinh Ä‘Æ°á»£c quy Ä‘á»‹nh lÃ  45mcg, á»Ÿ cÃ¡c nhÃ³m khÃ¡c sáº½ láº§n lÆ°á»£t lÃ  135mcg, vÃ  360 cmg . VÃ  45 cmg cÃ³ thá»ƒ bá»• sung trong cháº¿ Ä‘á»™ Äƒn bÃ¬nh thÆ°á»ng mÃ  chÆ°a cáº§n bá»• sung qua Ä‘Æ°á»ng uá»‘ng. LÆ°á»£ng K2 cÃ ng cÃ³ nhiá»u thÃ¬ lÆ°á»£ng canxi sáº½ Ä‘Æ°á»£c gáº¯n cÃ ng nhiá»u. NhÆ°ng Ä‘Ã³ lÃ  tá»· lá»‡ K2 chuáº©n. K2 khÃ´ng nhá»¯ng gáº¯n canxi tá»« trong midu 180 ( vá»›i 95 ion canxi), mÃ  hÃ m lÆ°á»£ng K2 trong Midu giÃºp gáº¯n cÃ¡c canxi thá»«a khÃ¡c trong cháº¿ Ä‘á»™ Äƒn vÃ  kháº©u pháº§n Äƒn hÃ ng ngÃ y ná»¯a áº¡ - LÆ°á»£ng K2 chuáº©n giÃºp gáº¯n canxi trong cÃ¡c nguá»“n thá»©c Äƒn mÃ¬nh cÃ³. Tá»· lá»‡ K2 cÃ ng cao thÃ¬ sáº½ giÃºp cÆ¡ thá»ƒ lÃ m ""nhiá»u Ä‘iá»u tuyá»‡t vá»i hÆ¡n"" nhÆ° sáº¡ch máº¡ch mÃ¡u, tá»‘c Ä‘á»™ xá»­ lÃ½ nhanh hÆ¡n,... Sá»­ dá»¥ng vitamin D3 vá»›i hÃ m lÆ°á»£ng tá»‘i thiá»ƒu lÃ  2000 tá»‘i Ä‘a cÃ³ thá»ƒ lÃªn 5000 tháº­m chÃ­ 10000 UI trong 1 ngÃ y mÃ  váº«n k sao (Ä‘Ã¢y Ä‘Æ°á»£c xem lÃ  ngÆ°á»¡ng an toÃ n). D3 sáº½ Ä‘Æ°á»£c háº¥p thu á»Ÿ gan vÃ  Ä‘Æ°á»£c phÃ³ng thÃ­ch cháº­m, dáº§n dáº§n chá»‹ nhÃ©."
53,"cho mÃ¬nh há»i hÃ m lÆ°á»£ng canxi, Mk7 vÃ  D3 dÃ¹ng tá»‘i Ä‘a/ ngÆ°á»i/ ngÃ y lÃ  bao nhiÃªu?","Sáº½ khÃ´ng cÃ³ hÃ m lÆ°á»£ng tá»‘i Ä‘a, mÃ  chá»‰ cÃ³ hÃ m lÆ°á»£ng tá»‘i thiá»ƒu chá»‹ nhÃ©. Canxi Ä‘Æ°á»£c khuyáº¿n cÃ¡o sá»­ dá»¥ng hÃ ng ngÃ y Ä‘Ã³ lÃ  canxi nguyÃªn tá»‘. CÃ²n lÆ°á»£ng 1100mg lÃ  nguyÃªn liá»‡u canxi trong sáº£n pháº©m. Äá»‘i vá»›i Midu MenaQ7 180mcg dÃ¹ng nguyÃªn liá»‡u canxi glucoheptonate thÃ¬ tá»‰ lá»‡ canxi nguyÃªn tá»‘ chá»‰ chiáº¿m khoáº£ng 10% tá»©c lÃ  chá»‰ cÃ³ khoáº£ng hÆ¡n 100mg canxi nguyÃªn tá»‘ trong 1 á»‘ng.Sá»­ dá»¥ng vitamin D3 vá»›i hÃ m lÆ°á»£ng tá»‘i thiá»ƒu lÃ  2000 tá»‘i Ä‘a cÃ³ thá»ƒ lÃªn 5000 tháº­m chÃ­ 10000 UI trong 1 ngÃ y mÃ  váº«n khÃ´ng sao (Ä‘Ã¢y Ä‘Æ°á»£c xem lÃ  ngÆ°á»¡ng an toÃ n). D3 sáº½ Ä‘Æ°á»£c háº¥p thu á»Ÿ gan vÃ  Ä‘Æ°á»£c phÃ³ng thÃ­ch cháº­m, dáº§n dáº§n chá»‹ nhÃ©.VÃ­ dá»¥ liá»u lÆ°á»£ng Vitamim K2 dÆ°á»›i dáº¡ng MK7 thÃ¬ theo khuyáº¿n nghá»‹ lÃ  dÃ¹ng tá»« 150mcg - 180mcg /ngÃ y. Váº­y trÆ°á»ng há»£p bÃ© dÃ¹ng 2 á»‘ng /ngÃ y cÃ³ bá»‹ dÆ° khÃ´ng thÃ¬ cÃ¢u tráº£ lá»i váº«n lÃ  khÃ´ng chá»‹ áº¡.Khuyáº¿n nghá»‹ Ä‘Ã³ lÃ  HÃ£ng khuyáº¿n cÃ¡o vá»›i cÃ¡c báº¡n bÃ¬nh thÆ°á»ng thá»ƒ tráº¡ng tá»‘t. Äáº·c biá»‡t lÃ  cÃ¡c báº¡n phÆ°Æ¡ng TÃ¢y má»¥c tiÃªu vá» chiá»u cao lÃ  khÃ´ng nhiá»u. CÃ²n cÃ¡c báº¡n muá»‘n cao hÆ¡n, muá»‘n vÆ°á»£t trá»™i thÃ¬ cáº§n pháº£i dÃ¹ng vá»›i liá»u lÆ°á»£ng cao hÆ¡n. CÃ³ nhá»¯ng trÆ°á»ng há»£p Ä‘áº·c biá»‡t hiá»‡n táº¡i BÃ¡c sÄ© HiÃªn cho dÃ¹ng liá»u lÆ°á»£ng 1800mcg 1 ngÃ y (tÆ°Æ¡ng Ä‘Æ°Æ¡ng 10 á»‘ng). Vitamin K2 tan tá»‘t trong nÆ°á»›c vÃ  náº¿u dÆ° thá»«a sáº½ Ä‘Ã o tháº£i hoÃ n toÃ n."
54,Vá»‹ ngá»t trong Midu 180,"Vá»‹ ngá»t trong Midu 180 lÃ  tá»« Sorbitol chá»‹ nhÃ©.Sorbitol Ä‘Æ°á»£c biáº¿t Ä‘áº¿n nhiá»u vá»›i vai trÃ² lÃ  cháº¥t táº¡o ngá»t trong cÃ¡c sáº£n pháº©m bÃ¡nh, káº¹o, Ä‘á»“ uá»‘ng, Ä‘áº·c biá»‡t lÃ  cÃ¡c sáº£n pháº©m cho ngÆ°á»i TIá»‚U ÄÆ¯á»œNG. Há»£p cháº¥t nÃ y thÆ°á»ng lÃ m cho thá»±c pháº©m cÃ³ vá»‹ ngá»t thanh mÃ¡t, dá»… chá»‹u, ngoÃ i ra vá»›i kháº£ nÄƒng giá»¯ áº©m, nÃ³ báº£o vá»‡ cÃ¡c sáº£n pháº©m nÃ y khá»i bá»‹ khÃ´ vÃ  duy trÃ¬ Ä‘á»™ tÆ°Æ¡i ban Ä‘áº§u cá»§a chÃºng trong quÃ¡ trÃ¬nh báº£o quáº£n. NgoÃ i ra sorbitol cÃ²n mang nhiá»u cÃ´ng dá»¥ng khÃ¡c Ä‘á»‘i vá»›i sá»©c khá»e."
55,HÃ m lÆ°á»£ng canxi trong Midu 180,"HÃ m lÆ°á»£ng canxiglucoheptonat lÃ  1100mg, nhÆ°ng canxi thÃ¬ chá»‰ 95mg trong muá»‘i Canxiglucoheptonat 1100 mg hÃ m lÆ°á»£ng Cancil nguyÃªn tá»‘ lÃ  8_10 % Cancil nguyÃªn tá»‘ cÆ¡ thá»ƒ ngÆ°á»i chá»‰ háº¥p thu Ä‘Æ°á»£c canxi nguyÃªn tá»‘ thÃ´i áº¡"
56,CÃ¢n náº·ng thá»«a quÃ¡ nhiá»u thÃ¬ sáº½ áº£nh hÆ°á»Ÿng ntn tá»›i sá»± phÃ¡t triá»ƒn chiá»u cao,cÃ³ 2 cÆ¡ cháº¿ :1 Trá»ng lÆ°á»£ng nhiá»u tá»³ Ä‘Ã¨ lÃªn khung xÆ°Æ¡ng nÃªn khÃ³ phÃ¡t triá»ƒn.2 Khi dÆ° cÃ¢n ráº¥t nhiá»u táº¿ bÃ o cháº¥t bÃ©o (táº¿ bÃ o má»¡) trá»±c tiáº¿p háº¥p thu cáº¡nh tranh Vitamin D3 táº¡i niÃªm máº¡c ruá»™t nÃªn khÃ³ táº¡o ra Ostecancil dáº¡ng báº¥t hoáº¡t nÃªn con khÃ³ cao lÃªn Ä‘Æ°á»£c NÃªn vá»›i cÃ¡c con bÃ©o phÃ¬ cÃ³ nhiá»u má»¡ bá»¥ng (dÆ° cÃ¢n bá»n vá»¯ng) thÃ¬ cÆ¡ há»™i tÄƒng chiá»u cao cá»§a con cÃ ng khÃ³ hÆ¡n 1 chÃºt ná»¯a a
57,"NguyÃªn nhÃ¢n nÃ o dáº«n Ä‘áº¿n tÃ¬nh tráº¡ng tá»¥t xÆ°Æ¡ng, máº¥t xÆ°Æ¡ng, vÃ  cÃ¡ch kháº¯c phá»¥c ntn áº¡",TÃ¬nh tráº¡ng máº¥t xÆ°Æ¡ng do quÃ¡ trÃ¬nh lÃ£o hoÃ¡ bÃ¬nh thÆ°á»ng á»Ÿ cáº£ nam vÃ  ná»¯ Ä‘Ã¢y cÅ©ng lÃ  nguyÃªn nhÃ¢n cá»§a bá»‡nh loÃ£ng xÆ°Æ¡ng. NÃªn Ä‘á»‘i vá»›i ngÆ°á»i trung niÃªn vÃ  ngÆ°á»i giÃ  nÃªn thÆ°á»ng xuyÃªn bá»• sung canxi Ä‘á»ƒ dá»± phÃ²ng vÃ  Ä‘iá»u trá»‹ nÃ¢ng cao sá»©c khoáº» cá»§a xÆ°Æ¡ng hÆ¡n áº¡cÆ¡ thá»ƒ chÃºng ta cÃ³ 2 cÆ¡ cháº¿ song song _ bá»“i xÆ°Æ¡ng vÃ  há»§y xÆ°Æ¡ng .em bÃ© nhá» Ä‘ang lá»›n thÃ¬ quÃ¡ trÃ¬nh Bá»“i xÆ°Æ¡ng phÃ¡t triá»ƒn máº¡nh hÆ¡n quÃ¡ trÃ¬nh há»§y xÆ°Æ¡ng .Sau 35 tuá»•i quÃ¡ trÃ¬nh há»§y xÆ°Æ¡ng cao hÆ¡n muá»‘n xÆ°Æ¡ng cháº¯c khá»e : 1 Váº­n Ä‘á»™ng phÃ¹ há»£p vá»›i Ä‘á»™ tuá»•i.2 PhÆ¡i náº¯ng ngÃ y 1h ( máº·c quáº§n Ã¡o ngáº¯n vÃ  táº§m 10-11 h hoÄƒc 2-3h chiá»u ) Ä‘á»ƒ háº¥p thá»¥ chuyá»ƒn hoÃ¡ Vitamin D2 chuyá»ƒn sang Vitamin D3).3 KhÃ´ng Ä‘á»ƒ tÃ¡o bÃ³n hoáº·c tiÃªu cháº£y thÃ¬ khÃ´ng háº§p thá»§ Cancil tá»« Ruá»™t vÃ o máº¡ch mÃ¡u .4 VÃ  cÃ³ Ã½ thá»©c bá»• sung Calci Ä‘á»‹nh ká»³ 6 thÃ¡ng / 1 nÄƒm vÃ  sang nÄƒm láº¡i tiáº¿p tá»¥c. Vi dá»¥ 2 á»‘ng MiduMenaQ7 180 mcg Sau tuá»•i 45 nÃªn Ä‘o máº­t Ä‘á»™ xÆ°Æ¡ng vÃ  náº¿u tá»· lá»‡ loÃ£ng xÆ°Æ¡ng náº¿u giáº£m hÆ¡n 45% thÃ¬ Ä‘iá»u trá»‹ loÃ£ng xÆ°Æ¡ng 3 nÄƒm .
58,TrÆ°á»ng há»£p khÃ¡ch bá»‹ tá»¥t calci huyáº¿t thÃ¬ mÃ¬nh cÃ³ thá»ƒ thay tháº¿ calci sá»§i báº±ng calci á»‘ng cá»§a mÃ¬nh k áº¡??? VÃ  Ä‘Æ°á»£c thÃ¬ uá»‘ng liá»u ntn áº¡ ? VÃ  káº¿t quáº£ cÃ³ nhanh báº±ng vá»›i uá»‘ng calci sá»§i trong trÆ°á»ng há»£p BN tá»¥t calci k áº¡???,Uá»‘ng MiduMenaQ7 180 mcg 4 á»‘ng cÃ³ 720 mcg K2 vÃ  K2 má»›i cÃ³ kháº£ nÄƒng váº­n chuyá»ƒn Ca+2 vÃ o xÆ°Æ¡ng . nÃªn náº¿u ngÆ°á»i nhÃ  bá»‹ Háº¡ Cancil huyáº¿t nháº¥t thiáº¿t uá»‘ng MiduMenaQ7 180 mcg ngÃ y 4 á»‘ng sau 10 ngÃ y cÃ³ thá»ƒ dÃ¹ng 2 á»‘ng MiduMenaQ7 180 mcg vÃ  1 viÃªn MiduMenaQ7 360 mcg â¤ï¸Khi bá»‹ háº¡ canxi mÃ¡u cÃ³ thá»ƒ sá»­ dá»¥ng Midu 180 chá»‹ nhÃ©. Trong Midu khÃ´ng nhá»¯ng cÃ³ canxi mÃ  cÃ²n cÃ³ D3 giÃºp háº¥p thá»¥ canxi vÃ o mÃ¡u áº¡. Liá»u lÆ°á»£ng sá»­ dá»¥ng nhÆ° bÃ¡c sÄ© Ä‘Ã£ nÃ³i trÃªn chá»‹ nhÃ©
59,Giá» phÆ¡i náº¯ng,"Theo Ä‘á»‹nh luáº­t Shadow trong háº¥p thá»¥ vitamin D cá»§a giÃ¡o sÆ° Edward Gorham, Äáº¡i há»c California, Má»¹, khi Ä‘á»™ dÃ i cá»§a bÃ³ng cÆ¡ thá»ƒ ngáº¯n hÆ¡n chiá»u cao lÃ  thá»i Ä‘iá»ƒm thÃ­ch há»£p nÃªn phÆ¡i náº¯ng. Tia UVB lÃ  loáº¡i tia duy nháº¥t cÃ³ tÃ¡c dá»¥ng kÃ­ch thÃ­ch tiá»n cháº¥t vitamin D3. TrÆ°á»›c 9h sÃ¡ng vÃ  sau 4h chiá»u, tia UVB bá»‹ háº¥p thu gáº§n nhÆ° hoÃ n toÃ n bá»Ÿi táº§ng ozone, chá»‰ cÃ³ chá»§ yáº¿u tia UVA nÃªn vitamin D sáº½ khÃ´ng Ä‘Æ°á»£c tá»•ng há»£p náº¿u phÆ¡i náº¯ng. Do Ä‘Ã³, thá»i gian phÆ¡i náº¯ng phÃ¹ há»£p nháº¥t á»Ÿ Viá»‡t Nam trong khoáº£ng 9 Ä‘áº¿n 10h sÃ¡ng hoáº·c tá»« 3 Ä‘áº¿n 4h chiá»u."
60,"Bá»‹ tÃª, khÃ´ng cÃ³ cáº£m giÃ¡c","TrÆ°á»ng há»£p nÃ y dÃ¹ng Ä‘Æ°á»£c Midu chá»‹ nhÃ©. Chá»‹ cho uá»‘ng 2 á»‘ng Midu 180/ngÃ y. Trong Midu 180 cÃ³ Vitamin B6, Magnesi sáº½ lÃ m tÄƒng cáº£m giÃ¡c dáº«n truyá»n"
61,2 bÃ ng chiá»u cao vÃ  cÃ¢n náº·ng chuáº©n khÃ´ng Ä‘á»“ng nháº¥t,"Cáº£ 2 Ä‘á»u Ä‘Ãºng nhÆ°ng báº£ng cÃ¢n náº·ng theo tá»«ng thÃ¡ng sáº½ chuáº©n hÆ¡n. á» 2 báº£ng sáº½ cÃ³ sá»± biáº¿n thiÃªn tá»« 16 - 24 % (-3SD Ä‘áº¿n +3SD) (Ä‘Ã¢y Ä‘á»u Ä‘Æ°á»£c tÃ­nh theo cÃ´ng thá»©c) NÃªn náº¿u truyá»n thÃ´ng, hay gá»­i káº¿t quáº£ cho KH thÃ¬ cá»© láº¥y báº£ng chuáº©n theo thÃ¡ng"
62,DÃ¹ng Midu 360 cÃ³ cáº§n dÃ¹ng thÃªm glucosamine?,"Chá»‹ cÃ³ thá»ƒ bá»• sung 1 viÃªn midu 360, Midu chuyÃªn vá» xÆ°Æ¡ng nÃªn chá»‰ há»— trá»£ Ä‘Æ°á»£c má»™t pháº§n bá»‡nh lÃ½, Ä‘au má»i thÃ¬ mÃ¬nh cÃ³ thá»ƒ bá»• sung thÃªm cÃ¡c loáº¡i dÆ°á»¡ng cháº¥t cÃ³ chá»©a Glucosamine ná»¯a chá»‹ nhÃ©"
63,Dáº­y thÃ¬ sá»›m,"Dáº­y thÃ¬ sá»›m thÆ°á»ng Ä‘Æ°á»£c hiá»ƒu lÃ  báº¡n (nam vÃ  ná»¯) cÃ³ dáº¥u hiá»‡u dáº­y thÃ¬ trÆ°á»›c 8 tuá»•i. Báº¡n nam thÃ¬ thÆ°á»ng khÃ´ng phÃ¡t hiá»‡n mÃ  pháº£i Ä‘i khÃ¡m bÃ¡c sÄ©. Báº¡n ná»¯ Ä‘Æ°á»£c hiá»ƒu lÃ  cÃ³ ká»³ kinh Ä‘áº§u tiÃªn á» nhá»¯ng báº¡n cÃ³ sinh lÃ½ binh thÆ°á»ng, giai Ä‘oáº¡n trÆ°á»›c 8 tuá»•i lÃ  hormone tÄƒng trÆ°á»Ÿng hoáº¡t Ä‘á»™ng máº¡nh, chiá»u cao cá»§a báº¡n tÄƒng Ä‘á»u tá»« 6 - 8 cm/nÄƒm báº¡n dáº­y thÃ¬ sá»›m (hormone sinh dá»¥c hoáº¡t Ä‘á»™ng máº¡nh) báº¡n cao vá»t trong 3 nÄƒm vÃ  trong cÃ¡c nÄƒm tiáº¿p theo, báº¡n dÆ°á»ng nhÆ° khÃ´ng cÃ²n cao Ä‘Æ°á»£c ná»¯a so vá»›i cÃ¡c báº¡n bÃ¨ cÃ¹ng trang lá»©a. NÃªn nhá»¯ng báº¡n dáº­y thÃ¬ sá»›m thÃ¬ sáº½ khÃ³ Ä‘áº¡t Ä‘Æ°á»£c chiá»u cao nhÆ° mong muá»‘n, chá»‹ nhÃ©"
64,Uá»‘ng Midu180 tiÃªu cháº£y,"viá»‡c tiÃªu cháº£y thÃ¬ cÅ©ng lÃ  triá»‡u chá»©ng thÆ°á»ng cá»§a cÃ¡c báº¡n nhá». Chá»‰ cáº§n Äƒn uá»‘ng gÃ¬ Ä‘Ã³ láº¡nh bá»¥ng lÃ  cÃ³ thá»ƒ bá»‹ tiÃªu cháº£y dÃ¹ cÃ³ sá»­ dá»¥ng sáº£n pháº©m hay khÃ´ng. Máº·c khÃ¡c trong Midu 180 cÃ³ thÃ nh pháº§n sorbiton giÃºp nhuáº­n trÃ ng. NÃªn máº·c dÃ¹ sáº£n pháº©m Midu khÃ´ng gÃ¢y tiÃªu cháº£y nhÆ°ng khi cÃ¡c con bá»‹ tiÃªu cháº£y thÃ¬ cÅ©ng nÃªn ngá»«ng vÃ i ngÃ y Ä‘á»ƒ há»‡ tiÃªu hÃ³a thá»±c sá»± á»•n, láº¡i cho cÃ¡c con dÃ¹ng tiáº¿p thÃ¬ sáº½ khÃ´ng sao cáº£."
65,Gai cá»™t sá»‘ng,"Gai cá»™t sá»‘ng lÃ  sá»¥n khá»›p vÃ  Ä‘Ä©a Ä‘á»‡m pháº£i chá»‹u Ã¡p lá»±c thÆ°á»ng xuyÃªn vÃ  lÃ¢u dÃ i, dáº«n Ä‘áº¿n háº­u quáº£ sá»¥n xÆ°Æ¡ng dÆ°á»›i sá»¥n bá»‹ tá»•n thÆ°Æ¡ng, bÃ o mÃ²nNÃªn mÃ¬nh cÃ³ thá»ƒ sá»­ thÃªm 1 viÃªn Midu 360/ngÃ y Ä‘á»ƒ cáº£i thiá»‡n pháº§n xÆ°Æ¡ng vÃ  thÆ°á»ng xuyÃªn luyá»‡n táº­p trá»‹ liá»‡u tháº§n kinh cá»™t sá»‘ng chá»‹ nhÃ©. Midu chá»‰ cÃ³ thá»ƒ há»— trá»£ 1 pháº§n khÃ´ng Ä‘iá»u trá»‹ Ä‘Æ°á»£c bá»‡nh áº¡"
66,Khá»›p gá»‘i kÃªu,"Chá»‹ cÃ³ thá»ƒ bá»• sung 1 viÃªn Midu 360/ngÃ y áº¡. NhÆ°ng Midu thÃ¬ chuyÃªn vá» xÆ°Æ¡ng nÃªn khá»›p thÃ¬ mÃ¬nh cÃ³ thá»ƒ bá»• sung thÃªm cÃ¡c dÆ°á»¡ng cháº¥t khÃ¡c (glucosamin,...) chá»‹ nhÃ©"
67,Cáº¯t tuyáº¿n giÃ¡p uá»‘ng canxi nhÆ° nÃ o?,TrÆ°á»ng há»£p má»›i cáº¯t thÃ¬ cho uá»‘ng 2 á»‘ng midu 180/ ngÃ y duy trÃ¬. ÄÃ£ cáº¯t qua 6 thÃ¡ng- 1 nÄƒm cho uá»‘ng 2 á»‘ng midu 180+ 2 viÃªn 360/ ngÃ y náº·ng hÆ¡n pháº£i tiÃªm truyá»n canxi
68,Tiá»ƒu Ä‘Æ°á»ng,1 viÃªn 360 hoáº·c 2 á»‘ng 180
69,Nhá»¯ng bÃ© há»¥t cÃ¢n cÃ³ áº£nh hÆ°á»Ÿng tá»›i chiá»u cao khÃ´ng?,"Thiáº¿u cÃ¢n náº·ng k liÃªn quan Ä‘áº¿n viá»‡c tÄƒng chiá»u cao chá»‹ nhÃ©. Thiáº¿u cÃ¢n náº·ng do Thiáº¿u dinh dÆ°á»¡ng, suy dinh dÆ°á»¡ng thá»ƒ cÃ²i, k cÃ³ cÃ¢n náº·ng Ä‘á»ƒ tÄƒng trÆ°á»ŸngğŸ‘‰ Kháº©u pháº§n Äƒn Ã­t ğŸ‘‰ Má»‘i liÃªn há»‡ bá»‡nh táº­t"
70,Tiá»n thÃ¢n Midu,"Midu MenaQ7 tiá»n thÃ¢n lÃ  CÃ´ng ty TNHH Äáº§u tÆ° dÆ°á»£c pháº©m Minh Äá»©c, nÄƒm 2021 Ä‘á»•i tÃªn thÃ nh cÃ´ng ty Cá»• pháº§n MenaQ7 Viá»‡t NamMenaQ7 Viá»‡t Nam lÃ  CÃ´ng ty DÆ°á»£c cÃ³ nhiá»u sáº£n pháº©m thuá»‘c, thá»±c pháº©m chá»©c nÄƒng cÃ³ tÃ¡c dá»¥ng khÃ¡c nhau. Sau Ä‘Ã³ Ä‘Ã£ tÃ¡ch riÃªng ra CÃ´ng ty MenaQ7 Viá»‡t Nam chuyÃªn vá» cÃ¡c loáº¡i thuá»‘c. CÃ²n CÃ´ng ty Midu MenaQ7 táº­p trung duy nháº¥t vÃ o sá»© má»‡nh tÄƒng chiá»u cao vÃ  bá»• sung canxi cho má»i lá»©a tuá»•i áº¡"
71,"Uá»‘ng nhiá»u quÃ¡ á»‘ng quÃ¡ cÃ¹ng lÃºc cÃ³ áº£nh hÆ°á»Ÿng háº¥p thu, Ä‘Ã o tháº£i khÃ´ng ká»‹p gÃ¢y ra bá»‡nh khÃ¡c Ã , phat triá»ƒn chiá»u cao, thá»ƒ cháº¥t cho con lÃ  1 quÃ¡ trÃ¬nh dÃ i nÃªn cáº§n kiÃªn nháº«n vÃ  bá»• sung há»£p lÃ½","cÃ³ thá»ƒ uá»‘ng 5 á»‘ng midu 180/láº§n mÃ  khÃ´ng bá»‹ sao chá»‹ nhÃ©. Äiá»u chá»‹ Ä‘ang nÃ³i Ä‘áº¿n lÃ  cÆ¡ cháº¿ bÆ¡m vÃ  chuyá»ƒn hÃ³a canxi & kali cÃ¹ng 1 lÃºc - Vá» nguyÃªn táº¯c, bá»• sung quÃ¡ nhiá»u canxi, kali cÃ¹ng 1 lÃºc cÃ²n gÃ¢y choÃ¡ng, Ä‘á» máº·t, trá»¥y tim,...Tuy nhiÃªn, trong 1 á»‘ng midu 180 chá»‰ cÃ³ 95ion canxi nguyÃªn tá»‘, dÃ¹ng 5 á»‘ng midu 180/láº§n hay dÃ¹ng 2 viÃªn midu 360/láº§n Ä‘á»u an toÃ n, nÃªn sáº½ khÃ´ng bá»‹ quÃ¡ liá»u hay áº£nh hÆ°á»Ÿng tá»›i viá»‡c háº¥p thu áº¡"
72,NÃªn tÃ­ch há»£p thÃªm thá»i Ä‘iá»ƒm dáº­y thÃ¬ cá»§a con thÃ¬ dá»± Ä‘oÃ¡n sáº½ chuáº©n hÆ¡n,"Ä‘á»™ tuá»•i 10-12 Ä‘á»‘i vá»›i ná»¯ vÃ  12-14 Ä‘á»‘i vá»›i nam lÃ  Ä‘á»™ tuá»•i dáº­y thÃ¬ vÃ  pháº§n má»m cÅ©ng Ä‘Ã£ tÃ­ch há»£p pháº§n nÃ y rá»“i. Náº¿u trÆ°á»›c Ä‘á»™ tuá»•i nÃ y thÃ¬ con bá»‹ dáº­y thÃ¬ sá»›m. TrÆ°á»›c khi tÆ° váº¥n á»Ÿ Ä‘á»™ tuá»•i nÃ y thÃ¬ chuyÃªn gia nÃ o cÅ©ng cáº§n há»i con Ä‘Ã£ cÃ³ dáº¥u hiá»‡u dáº­y thÃ¬ chÆ°a, hay con Ä‘Ã£ dáº­y thÃ¬ Ä‘Æ°á»£c bao lÃ¢u rá»“i Ä‘á»ƒ cÃ³ hÆ°á»›ng tÆ° váº¥n tá»›i tá»«ng trÆ°á»ng há»£p VÃ  Ä‘Ã¢y cÅ©ng lÃ  cÆ¡ há»™i Ä‘á»ƒ má»—i chuyÃªn gia cÃ³ thá»ƒ tá»›i gáº§n vá»›i khÃ¡ch hÃ ng cá»§a mÃ¬nh hÆ¡n, quan tÃ¢m tá»›i khÃ¡ch hÃ ng cá»§a mÃ¬nh hÆ¡n chá»‹ nhÃ©. Váº­y thÃ¬ viá»‡c tháº¥t vá»ng cá»§a khÃ¡ch hÃ ng lÃ  khÃ´ng cÃ²n rá»“i áº¡.MIDU cÅ©ng cÃ³ nháº­n Ä‘Æ°á»£c 1 sá»‘ Ã½ kiáº¿n giá»‘ng nhÆ° chá»‹, tuy nhiÃªn, pháº§n tÃ­ch há»£p nÃ y váº«n khÃ´ng cho vÃ o chá»‹ nhÃ©. Pháº§n má»m dá»± Ä‘oÃ¡n chiá»u cao lÃ  tÃ­ch há»£p cÃ¡c yáº¿u tá»‘ áº£nh hÆ°á»Ÿng Ä‘áº¿n chiá»u cao áº¡."
73,thÃ´ng tin cÃ´ng ty,"CÃ´ng ty Midu MenaQ7 tiá»n thÃ¢n lÃ  cÃ´ng ty TNHH Äáº§u tÆ° DÆ°á»£c pháº©m Minh Äá»©c. Tháº¿ nÃªn vá» sau cÃ¡c sáº£n pháº©m cÅ©ng Ä‘Æ°á»£c gá»i lÃ  Midu lÃ  tÃªn gá»i táº¯t cá»§a Minh Äá»©c.CÃ´ng ty Minh Äá»©c Ä‘Æ°á»£c thÃ nh láº­p tá»« nÄƒm 2010 bá»Ÿi bÃ¡c sÄ© Pháº¡m Thá»‹ Thanh HiÃªn. VÃ  trong hÆ¡n 10 nÄƒm qua, CÃ´ng ty Ä‘Ã£ cÃ³ nhiá»u nhá»¯ng nghiÃªn cá»©u vÃ  cÃ³ khÃ¡ nhiá»u cÃ¡c sáº£n pháº©m ná»•i tiáº¿ng trÃªn thá»‹ trÆ°á»ng trong cÃ¡c kÃªnh OTC nhÆ° thuá»‘c ho Naomy, Vitamin C CClife, Midu 6 enzymeâ€¦ NhÆ°ng tá»« nÄƒm 2016 thÃ¬ bÃ¡c sÄ© Pháº¡m Thá»‹ Thanh HiÃªn báº¯t Ä‘áº§u nghiÃªn cá»©u vÃ  sáº£n xuáº¥t ra nhá»¯ng phiÃªn báº£n Ä‘áº§u tiÃªn cá»§a sáº£n pháº©m Midu MenaQ7 vÃ  tá»« Ä‘Ã³ thÃ¬ chá»‹ quyáº¿t tÃ¢m dÃ nh cáº£ cuá»™c Ä‘á»i cÃ²n láº¡i cho viá»‡c nghiÃªn cá»©u vÃ  phÃ¡t triá»ƒn cÃ¡c giáº£i phÃ¡p tá»•ng thá»ƒ cho viá»‡c phÃ¡t triá»ƒn chiá»u cao cho tráº» em Viá»‡t Nam vÃ  toÃ n tháº¿ giá»›i. ChÃ­nh vÃ¬ váº­y, cÃ´ng ty Ä‘Ã£ Ä‘á»•i tÃªn thÃ nh CÃ´ng ty MenaQ7 Viá»‡t Nam vÃ  sau nÃ y lÃ  Midu MenaQ7"
74,"trong pháº§n má»m dá»± Ä‘oÃ¡n chiá»u cao nÃªn cÃ³ yáº¿u tá»‘ kháº£o sÃ¡t tráº» Ä‘Ã£ dáº­y thÃ¬ chÆ°a, vÃ¬ viá»‡c nÃ y ráº¥t quan trá»ng áº£nh hÆ°á»Ÿng Ä‘áº¿n káº¿t quáº£ dá»± Ä‘oÃ¡n chiá»u cao tuá»•i 20 cá»§a con","Theo sinh lÃ½ chung, tuá»•i dáº­y thÃ¬ lÃ  11 - 12 vá»›i con gÃ¡i, 13 - 14t Ä‘á»‘i vá»›i con trai. VÃ  pháº§n má»m dá»± Ä‘oÃ¡n cÅ©ng dá»±a vÃ o Ä‘Ã³ Ä‘á»ƒ phÃ¢n tÃ­ch. TrÆ°á»ng há»£p con dáº­y thÃ¬ sá»›m thÃ¬ Ä‘Ã¢y cÅ©ng lÃ  cÆ¡ há»™i Ä‘á»ƒ mÃ¬nh chia sáº» vá»›i khÃ¡ch hÃ ng Ä‘Æ°á»£c nhiá»u hÆ¡n. BÃªn cáº¡nh Ä‘Ã³, pháº§n má»m dá»± Ä‘oÃ¡n chiá»u cao bÃ¡m vÃ o cÃ¡c yáº¿u tá»‘ áº£nh hÆ°á»Ÿng Ä‘áº¿n chiá»u cao cá»§a tráº», chá»© khÃ´ng láº¥y yáº¿u tá»‘ dáº­y thÃ¬ chÆ°a Ä‘á»ƒ phÃ¢n tÃ­ch vÃ  dá»± Ä‘oÃ¡n chiá»u cao. NÃªn pháº§n nÃ y, Midu sáº½ khÃ´ng cho thÃªm vÃ o dc áº¡"
75,Arginine Ä‘Æ°á»£c chiáº¿t xuáº¥t tá»« gÃ¬?,"Arginine khÃ´ng sáº£n xuáº¥t tá»« gÃ¬. Arginine Ä‘Æ°á»£c sáº£n xuáº¥t tá»« thÃ nh pháº§n hÃ³a há»c vÃ  cáº¥u trÃºc phÃ¢n tá»­ Ä‘á»ƒ táº¡o ra. Sáº£n pháº©m Ä‘Æ°á»£c sáº£n xuáº¥t tá»« thÃ nh pháº§n hÃ³a há»c nÃªn hoáº¡t tÃ­nh sinh há»c sáº½ Ä‘Æ°á»£c á»•n Ä‘á»‹nh, tinh khiáº¿t hÆ¡n"
76,HÃ m lÆ°á»£ng Arginin ( arginine cÃ³ hÃ m lÆ°á»£ng 2000mg/á»‘ng),Arginine cÃ³ thá»ƒ dÃ¹ng vá»›i hÃ m lÆ°á»£ng 150 - 175mg/kg cÃ¢n náº·ng/ngÃ y chá»‹ nhÃ©
77,Khi nÃ o dÃ¹ng Midu180? Khi nÃ o dÃ¹ng Midu360,"dáº¡ng á»‘ng sá»­ dá»¥ng Calci Glucoheptonate coÌ khaÌ‰ nÄƒng hÃ¢Ìp thu nhanh vaÌ€ tÃ´Ìt hÆ¡n Trucal. ChiÌnh viÌ€ vÃ¢Ì£y vÆ¡Ìi caÌc baÌ£n thÃ¢Ìp luÌ€n muÃ´Ìn tÄƒng cao nhanh, vÆ°Æ¡Ì£t trÃ´Ì£i vaÌ€ nhÆ°Ìƒng ngÆ°Æ¡Ì€i lÆ¡Ìn muÃ´Ìn xÆ°Ì‰ lyÌ nhanh caÌc vÃ¢Ìn Ä‘ÃªÌ€ vÃªÌ€ xÆ°Æ¡ng cÃ¢Ìp thÃ¬ sá»­ dá»¥ng Midu180 dáº¡ng nÆ°á»›c chá»‹ nhÃ©CaÌc baÌ£n Ä‘aÌƒ cao rÃ´Ì€i nÃªÌu muÃ´Ìn chÄƒÌc khoÌ‰e hoÄƒÌ£c ngÆ°Æ¡Ì€i lÆ¡Ìn muÃ´Ìn chÃ´Ìng loaÌƒng xÆ°Æ¡ng thiÌ€ Midu MenaQ7 360mcg seÌƒ laÌ€ lÆ°Ì£a choÌ£n Ä‘ÃªÌ‰ bÃªÌ€n vÆ°Ìƒng viÌ€ saÌ‰n phÃ¢Ì‰m naÌ€y khÃ´ng chiÌ‰ coÌ canxi maÌ€ coÌ€n Ä‘Ã¢Ì€y Ä‘uÌ‰ caÌc khoaÌng chÃ¢Ìt vaÌ€ dÆ°Æ¡Ìƒng chÃ¢Ìt tÃ´Ìt cho xÆ°Æ¡ng vaÌ€ hÃªÌ£ cÃ¢n cÆ¡ chá»‹ áº¡"
78,"KhÃ¡ch mua á»Ÿ chá»— khÃ¡c Ä‘Æ°á»£c chiáº¿t kháº¥u cao, bÃ¡n phÃ¡ giÃ¡","ÄÃªÌ‰ tiÃªÌ£n cho viÃªÌ£c xÆ°Ì‰ lyÌ baÌn phaÌ giaÌ. Em hoÌ‰i xem ngÆ°Æ¡Ì€i baÌn tÃªn giÌ€ Æ¡Ì‰ Ä‘Ã¢u nheÌ. MiÌ€nh coÌ thÃªÌ‰ noÌi vÆ¡Ìi khaÌch haÌ€ng laÌ€ caÌc kÃªnh baÌn haÌ€ng cuÌ‰a CÃ´ng ty Ä‘ÃªÌ€u yÃªu cÃ¢Ì€u baÌn Ä‘uÌng giaÌ. NÃªn nÃªÌu coÌ nÆ¡i naÌ€o baÌn giaÌ‰m 15% thiÌ€ tÆ¡Ì cuÌƒng lo lÄƒÌng cho baÌ£n laÌ€ khÃ´ng biÃªÌt coÌ Ä‘uÌng haÌ€ng cÃ´ng ty khÃ´ng, coÌ giÃ¢Ìy phÃ¢n phÃ´Ìi haÌ€ng chiÌnh haÌƒng nhÆ° tÆ¡Ì khÃ´ng.BaÌ£n nÃªn hoÌ‰i laÌ£i thÃ´ng tin Ä‘ÃªÌ‰ kiÃªÌ‰m tra."
79,Theo danh sÃ¡ch cÃ¡c thÆ°Æ¡ng hiá»‡u trÃªn tháº¿ giá»›i cÃ³ sá»­ dá»¥ng MenaQ7 tá»« NattoSao k cÃ³ tÃªn cÃ´ng ty mh trong danh sÃ¡ch,"MIDU Ä‘Ã£ lÃ m viá»‡c vÃ  Ä‘Ãºng lÃ  trang web cá»§a MenaQ7 Ä‘Æ°a lÃªn cÃ²n sÃ³t. Hiá»‡n táº¡i MIDU Ä‘Ã£ cÃ³ chá»©ng thÆ° cá»§a hÃ£ng, nÃªn chá»‹ yÃªn tÃ¢m nhÃ©, em gá»­i láº¡i chá»‹ chá»©ng thÆ° dÆ°á»›i Ä‘Ã¢y.Tuy nhiÃªn, cÅ©ng cáº§n cÃ³ thá»i gian hÃ£ng má»›i Ä‘Æ°a tÃªn cá»§a Midu lÃªn Ä‘Æ°á»£c. Khi nÃ o cÃ³ em sáº½ thÃ´ng tin láº¡i chá»‹"
80,"thá»i tiáº¿t nÃ³ng nhÆ° nÃ y mÃ  SP Midu nhÃ  mÃ¬nh toÃ n váº­n chuyá»ƒn thÆ°á»ng khÃ´ng dÃ¹ng xe láº¡nh,Bs sá»£ khÃ´ng Ä‘áº£m báº£o cháº¥t lÆ°á»£ng","Váº«n Ä‘áº£m báº£o cháº¥t lÆ°á»£ng áº¡, mÃ¬nh Ä‘Ã£ Ä‘Ã³ng gÃ³i qua lá»›p carton vÃ  xá»‘p rá»“i - k tiáº¿p xÃºc trá»±c tiáº¿p vá»›i Ã¡nh náº¯ng nÃªn Midu váº«n Ä‘áº£m báº£o chá»‹ nhÃ©. DÃ¹ng xe láº¡nh dÃ nh cho váº¯c xin thÃ´i áº¡"
81,"Táº¡i sao hÆ°á»›ng dáº«n cá»§a Midu45 bÃªn trÃªn lÃ  buá»•i sÃ¡ng, bÃªn dÆ°á»›i viáº¿t dÃ¹ng lÃºc nÃ o cÅ©ng Ä‘Æ°á»£c?","Vá» cÃ¡ch dÃ¹ng, mÃ¬nh nÃªn dÃ¹ng sau bá»¯a Äƒn vÃ  tá»‘t nháº¥t nÃªn dÃ¹ng vÃ o buá»•i sÃ¡ng chá»‹ nhÃ©. VÃ¬ trong cÃ´ng thá»©c cá»§a sáº£n pháº©m cÃ³ Vitamin C, con dÃ¹ng vÃ o buá»•i chiá»u hay tÃ´i sáº½ bá»‹ thá»©c, máº¥t ngá»§ áº¡Äiá»ƒm Ä‘áº·c biá»‡t cá»§a sáº£n pháº©m lÃ  dÃ²ng canxi glucoheptonate - Báº£n cháº¥t dÃ²ng canxi nÃ y lÃ  tan hoÃ n toÃ n trong nÆ°á»›c, dÃ¹ng giá» nÃ o cÅ©ng Ä‘Æ°á»£c. NhÆ°ng khi káº¿t há»£p vá»›i cÃ´ng thá»©c cá»§a Midu 45mcg thÃ¬ mÃ¬nh nÃªn cho cÃ¡c con dÃ¹ng theo pháº§n cÃ¡ch dÃ¹ng lÃ  sá»­ dá»¥ng vÃ o buá»•i sÃ¡ng chá»‹ nhÃ©"
82,cÃ´ng thá»©c cá»§a bÃ¡c sÄ© HiÃªn cho bÃ© Ä‘Ã£ dáº­y thÃ¬:,4 á»‘ng Midu180 + 3 arginine (Ä‘á»‘i vá»›i con gÃ¡i)/4 á»‘ng arginine (Ä‘á»‘i vá»›i con trai) + 30ml CC life + 3 viÃªn Magie B6 + 1 lá» DHA (2 tuáº§n uá»‘ng 1 lá»)
83,Táº¡i sao láº¡i nÃªn dÃ¹ng midu 360 cho phá»¥ ná»¯ sau sinh,"Dáº¡ máº¹ sau sinh Ä‘ang cho con bÃº dÃ¹ng midu 360 lÃ  chÃ¢n Ã¡i chá»‹ áº¡ Canxi cÃ³ trong dÃ²ng sáº£n pháº©m Midu MenaQ7 360 lÃ  canxi Trucal, Canxi vÃ  há»‡ khoÃ¡ng cháº¥t Ä‘Æ°á»£c tÃ¡ch chiáº¿t tá»« sá»¯a â€“ trÃ¹ng tá»›i 98% há»‡ khoÃ¡ng cháº¥t cá»§a ngÆ°á»iChÃ­nh bá»Ÿi váº­y sáº£n pháº©m Ä‘Æ°á»£c coi lÃ  â€œChÃ¢n Ã¡iâ€ cho ngÆ°á»i chá»‘ng loÃ£ng xÆ°Æ¡ng vÃ  Ä‘áº·c biá»‡t phÃ¹ há»£p vá»›i cÃ¡c máº¹ Ä‘ang cho con bÃº vÃ¬ sáº½ cá»™ng hÆ°á»Ÿng ráº¥t tá»‘t vá»›i sá»¯a máº¹, táº¡o nÃªn dÃ²ng sá»¯a tuyá»‡t vá»i cho con áº¡"
84,K2 cÃ³ lÃ m Ä‘Ã´ng mÃ¡u khÃ´ng,"K2 khÃ´ng gÃ¢y Ä‘Ã´ng mÃ¡u chá»‹ nhÃ©CÃ¡c trÆ°á»ng há»£p mÃ¡u khÃ³ Ä‘Ã´ng thÃ¬ cáº§n bá»• sung vitamin K1 (cÃ³ vai trÃ² chá»‘ng Ä‘Ã´ng mÃ¡u) sáº½ lÃ m giáº£m nguy cÆ¡ cháº£y mÃ¡u khÃ´ng kiá»ƒm soÃ¡t.Äiá»u trá»‹ cháº£y mÃ¡u hay Ä‘e dá»a cháº£y mÃ¡u do thiáº¿u prothrombin hay yáº¿u tá»‘ Ä‘Ã´ng mÃ¡u (yáº¿u tá»‘ VII trong mÃ¡u).Vá»›i vitamin K2 cÃ³ tÃ¡c dá»¥ng cÃ¢n báº±ng canxi, mÃ³c canxi tá»« lÃ²ng máº¡ch vÃ  Ä‘Æ°a canxi vÃ o xÆ°Æ¡ng. Vitamin K2 hoáº¡t Ä‘á»™ng trong táº¿ bÃ o nhÆ° lÃ  chÃ¬a khÃ³a Ä‘á»ƒ tÃ¡c Ä‘á»™ng cÆ¡ cá»§a táº¿ bÃ o há»§y xÆ°Æ¡ng giÃºp ngÄƒn cháº·n táº¿ bÃ o há»§y xÆ°Æ¡ng.Tá»· lá»‡ K2 cÃ ng cao thÃ¬ sáº½ giÃºp cÆ¡ thá»ƒ lÃ m ""nhiá»u Ä‘iá»u tuyá»‡t vá»i hÆ¡n"" nhÆ° sáº¡ch máº¡ch mÃ¡u, tá»‘c Ä‘á»™ xá»­ lÃ½ nhanh hÆ¡nVitamin K2 cÃ³ gÃ¢y Ä‘Ã´ng mÃ¡u hay khÃ´ng?Nhiá»u ngÆ°á»i tháº¯c máº¯c dÃ¹ng vitamin K2 cÃ³ tÃ¡c dá»¥ng Ä‘Ã´ng mÃ¡u thÃ¬ cÃ³ nguy cÆ¡ lÃ m tÄƒng hÃ¬nh thÃ nh cÃ¡c cá»¥c mÃ¡u Ä‘Ã´ng váº­y nhÆ° tháº¿ cÃ³ Ä‘Ãºng hay khÃ´ng?ğŸ€ CÃ¡c trÆ°á»ng há»£p mÃ¡u khÃ³ Ä‘Ã´ng thÃ¬ cáº§n bá»• sung vitamin K1 (cÃ³ vai trÃ² chá»‘ng Ä‘Ã´ng mÃ¡u) sáº½ lÃ m giáº£m nguy cÆ¡ cháº£y mÃ¡u khÃ´ng kiá»ƒm soÃ¡t.Äiá»u trá»‹ cháº£y mÃ¡u hay Ä‘e dá»a cháº£y mÃ¡u do thiáº¿u prothrombin hay yáº¿u tá»‘ Ä‘Ã´ng mÃ¡u (yáº¿u tá»‘ VII trong mÃ¡u).ğŸ€ Vá»›i vitamin K2 cÃ³ tÃ¡c dá»¥ng cÃ¢n báº±ng canxi, mÃ³c canxi tá»« lÃ²ng máº¡ch vÃ  Ä‘Æ°a canxi vÃ o xÆ°Æ¡ng. Vitamin K2 hoáº¡t Ä‘á»™ng trong táº¿ bÃ o nhÆ° lÃ  chÃ¬a khÃ³a Ä‘á»ƒ tÃ¡c Ä‘á»™ng cÆ¡ cá»§a táº¿ bÃ o há»§y xÆ°Æ¡ng giÃºp ngÄƒn cháº·n táº¿ bÃ o há»§y xÆ°Æ¡ng.Tá»· lá»‡ K2 cÃ ng cao thÃ¬ sáº½ giÃºp cÆ¡ thá»ƒ lÃ m ""nhiá»u Ä‘iá»u tuyá»‡t vá»i hÆ¡n"" nhÆ° sáº¡ch máº¡ch mÃ¡u, tá»‘c Ä‘á»™ xá»­ lÃ½ nhanh hÆ¡n,...â¡ï¸ ChÃ­nh vÃ¬ váº­y bá»• sung vitamin K2 khÃ´ng tÄƒng nguy cÆ¡ hÃ¬nh thÃ nh cÃ¡c cá»¥c mÃ¡u Ä‘Ã´ngVitamin K nÃ³i chung cÃ³ tÃ¡c dá»¥ng Ä‘Ã´ng mÃ¡u nhÆ°ng lÃ  Ä‘Ã´ng mÃ¡u Ä‘á»ƒ khÃ´ng bá»‹ xuáº¥t huyáº¿t. CÆ¡ thá»ƒ cáº§n cÆ¡ cháº¿ nÃ y náº¿u khÃ´ng sáº½ cháº£y mÃ¡u gÃ¢y ra nhá»¯ng háº­u quáº£ nghiÃªm trá»ng tháº­m chÃ­ dáº«n Ä‘áº¿n tá»­ vong. NÃ³i Ä‘Ãºng nháº¥t lÃ  Vitamin K Ä‘iá»u hÃ²a sá»± Ä‘Ã´ng mÃ¡u cáº§n thiáº¿t"
85,Canxi Trucal Ä‘Æ°á»£c chiáº¿t xuáº¥t tá»« sá»¯a váº­y CTHH cá»§a Trucal lÃ  gÃ¬?,"Trucal lÃ  má»™t phá»©c há»£p khoÃ¡ng cháº¥t cÃ¢n báº±ng trong sá»¯a cung cáº¥p 7 khoÃ¡ng cháº¥t (Canxi, Phá»‘t pho, Magie, Kali, Káº½m, Sáº¯t vÃ  Äá»“ng)CÃ²n Trucal trong Midu lÃ  tÃ¡ch tá»« phá»©c há»£p trÃªn nÃªn khÃ´ng pháº£i gá»‘c muá»‘i canxi nÃªn khÃ´ng cÃ³ CTHH áº¡"
86,"Tiáº¿n sÄ© Hogne Vik chia sáº»: 180mcg MK7 sá»­ dá»¥ng cho 70kg cÃ¢n náº·ng. Táº¡i VN, sp Midu MenaQ7180mcg trong 10ml dung dá»‹ch uá»‘ng cÃ³ chá»©a 180mcg MK7. Theo Ä‘Ã³ liá»u uá»‘ng khuyáº¿n nghá»‹ cho bÃ© trai 4 tuá»•i dÆ°á»›i chuáº©n Ä‘á»™ 2 cáº£ chiá»u cao cÃ¢n náº·ng lÃ  2 á»‘ng, tÆ°Æ¡ng Ä‘Æ°Æ¡ng 360mcg. Váº­y thÃ¬ liá»u dÃ¹ng nhÆ° váº­y cÃ³ phÃ¹ há»£p khÃ´ng?chia sáº» cá»§a TS ""hÃ m lÆ°á»£ng 180mcg cho ngÆ°á»i cÃ³ cÃ¢n náº·ng 70kg, ngÆ°á»i cÃ³ cÃ¢n náº·ng 30kg thÃ¬ dÃ¹ng hÃ m lÆ°á»£ng 90mcg""","TiÃªÌn siÌƒ Hogne Vik laÌ€ ngÆ°Æ¡Ì€i chiÌ‰ Ä‘aÌ£o caÌc nghiÃªn cÆ°Ìu lÃ¢m saÌ€ng nÃªn chiÌ‰ traÌ‰ lÆ¡Ì€i theo caÌc haÌ€m lÆ°Æ¡Ì£ng phÃ´Ì‰ biÃªÌn Ä‘aÌƒ nghiÃªn cÆ°Ìu. ÄÃ´Ìi vÆ¡Ìi viÃªÌ£c khoaÌng hoÌa xÆ°Æ¡ng, ngÆ°Æ¡Ì€i ta chuÌ‰ yÃªÌu nghiÃªn cÆ°Ìu vÆ¡Ìi haÌ€m lÆ°Æ¡Ì£ng 180mcg. ChiÌnh viÌ€ vÃ¢Ì£y nÃªÌu Ä‘ÃªÌ‰ nghiÃªn cÆ°Ìu viÃªÌ£c khoaÌng hoÌa xÆ°Æ¡ng cho treÌ‰ em thiÌ€ 90mcg laÌ€ Ä‘uÌ‰ Ä‘ÃªÌ‰ thÃ¢Ìy Ä‘Æ°Æ¡Ì£c sÆ°Ì£ gia tÄƒng mÃ¢Ì£t Ä‘Ã´Ì£ xÆ°Æ¡ng so vÆ¡Ìi nhoÌm khÃ´ng duÌ€ng.NhÆ°ng caÌc anh chiÌ£ em hoÌ£c chÆ°Æ¡ng triÌ€nh cuÌ‰a Midu cuÌƒng Ä‘aÌƒ nghe Ä‘Æ°Æ¡Ì£c nÃ´Ì£i dung: NgÆ°Æ¡Ì€i chÃ¢u Ã‚u hoÌ£ ko coÌ muÌ£c tiÃªu chiÃªÌ€u cao. CoÌ€n ngÆ°Æ¡Ì€i ViÃªÌ£t, Ä‘ÄƒÌ£c biÃªÌ£t vÆ¡Ìi caÌc baÌ£n nhoÌ‰ thÃ¢Ìp dÆ°Æ¡Ìi chuÃ¢Ì‰n thiÌ€ cÃ¢Ì€n phaÌ‰i nÃ´Ìƒ lÆ°Ì£c hÆ¡n hoÌ£ rÃ¢Ìt nhiÃªÌ€u.Trong buÃ´Ì‰i tham luÃ¢Ì£n ngaÌ€y 29/9, TiÃªÌn siÌƒ Vik cuÌƒng chia seÌ‰. TreÌ‰ em biÌ€nh thÆ°Æ¡Ì€ng thiÌ€ chuÌng ta cÆ°Ì nghiÌƒ laÌ€ liÃªÌ€u ngÆ°Æ¡Ì€i lÆ¡Ìn chia hai. NhÆ°ng thÆ°Ì£c tÃªÌ treÌ‰ em laÌ£i coÌ€n cÃ¢Ì€n hÆ¡n. Do lÆ°Æ¡Ì£ng osteocalcin cuÌ‰a treÌ‰ em lÆ¡Ìn hÆ¡n Ä‘ÄƒÌ£c biÃªÌ£t trong giai Ä‘oaÌ£n tiÃªÌ€n dÃ¢Ì£y thiÌ€ nÃªn noÌ cÃ¢Ì€n lÆ°Æ¡Ì£ng Vitamin K2 lÆ¡Ìn hÆ¡n Ä‘ÃªÌ‰ kiÌch hoaÌ£t lÆ°Æ¡Ì£ng osteocalcin Ä‘oÌ."
87,PhÃ³ng sá»± vá» TPCN trÃªn VTV,"PhoÌng sÆ°Ì£ naÌ€y do VTV thÆ°Ì£c hiÃªÌ£n ngaÌ€y 10/9. Sau Ä‘oÌ, tÃ´i cuÌƒng Ä‘aÌƒ gÄƒÌ£p trÆ°Ì£c tiÃªÌp Ãª kiÌp saÌ‰n xuÃ¢Ìt phoÌng sÆ°Ì£ naÌ€y. CaÌc chiÌ£ Ã¢Ìy coÌ traÌ‰ lÆ¡Ì€i laÌ€ Ä‘Æ°a tin chung chung vÃªÌ€ ngaÌ€nh dÆ°Ì£a vaÌ€o mÃ´Ì£t sÃ´Ì baÌc siÌƒ coÌ phaÌ‰n aÌnh laÌ€ nhiÃªÌ€u Ä‘Æ¡n viÌ£ laÌ€m TPCN bÃ¢y giÆ¡Ì€ quaÌ‰ng caÌo thÃ´Ì‰i phÃ´Ì€ng. KhÃ´ng coÌ yÌ phaÌ‰n aÌnh Midu. NhÆ°ng coÌ leÌƒ do lÃªn internet, media cuÌ‰a chuÌng ta rÃ¢Ìt laÌ€ nhiÃªÌ€u nÃªn phiÌa Ä‘aÌ€i cÆ°Ì Ä‘Æ°a vaÌ€o nhÆ° mÃ´Ì£t viÌ duÌ£. CaÌc chiÌ£ Ã¢Ìy cuÌƒng xin lÃ´Ìƒi, nhÆ°ng Ä‘Æ°Æ¡ng nhiÃªn khÃ´ng thÃªÌ‰ thay Ä‘Ã´Ì‰i Ä‘Æ°Æ¡Ì£c nÆ°Ìƒa.TÆ¡Ìi nay Ä‘aÌƒ gÃ¢Ì€n 1 thaÌng maÌ€ caÌc chiÌ£ Æ¡Ì‰ nhoÌm naÌ€y mÆ¡Ìi baÌ€n taÌn thiÌ€ miÌ€nh cÃ¢Ì£p nhÃ¢Ì£t thÃ´ng tin vÃªÌ€ cÃ´ng ty cuÌƒng laÌ€ hÆ¡i muÃ´Ì£n. Ngay khi coÌ phoÌng sÆ°Ì£, cuÌƒng rÃ¢Ìt nhiÃªÌ€u Ä‘aÌ£i lyÌ nhÄƒÌn tin hoÌ‰i Midu vaÌ€ coÌ Ä‘aÌ£i lyÌ baÌ‰o ""ThÃªÌ naÌ€y thiÌ€ laÌ€m sao baÌn Ä‘Æ°Æ¡Ì£c haÌ€ng nÆ°Ìƒa?"" vaÌ€ cuÌƒng coÌ 1 sÃ´Ì comment tiÃªu cÆ°Ì£c khaÌc tÆ°Ì€ chiÌnh caÌc anh chiÌ£ Ä‘aÌ£i lyÌ.NhÆ°ng thÆ°Ì£c tÃªÌ thiÌ€ haÌ€ng ngaÌ€y, saÌ‰n phÃ¢Ì‰m cuÌ‰a Midu vÃ¢Ìƒn Ä‘ang Ä‘ÃªÌn vÆ¡Ìi ngÆ°Æ¡Ì€i tiÃªu duÌ€ng, vÃ¢Ìƒn Ä‘ang giuÌp caÌc con cao lÃªn. SaÌ‰n phÃ¢Ì‰m cuÌ‰a Midu vÃ¢Ìƒn laÌ€ saÌ‰n phÃ¢Ì‰m baÌn chaÌ£y nhÃ¢Ìt saÌ€n. Trong thaÌng 9 vÃ¢Ìƒn coÌ nhiÃªÌ€u Ä‘aÌ£i lyÌ coÌ doanh sÃ´Ì caÌ nhÃ¢n haÌ€ng trÄƒm triÃªÌ£u. KhÃ´ng coÌ giÌ€ thay Ä‘Ã´Ì‰i caÌ‰.VÃ¢Ì£y khaÌch haÌ€ng coÌ thÆ°Ì£c sÆ°Ì£ hoang mang hay chiÌnh chuÌng ta hoang mang hÃ´Ì£ khaÌch haÌ€ng?NhÆ°Ìƒng best seller vÃ¢Ìƒn baÌn haÌ€ng trÄƒm triÃªÌ£u kia, khaÌch haÌ€ng cuÌ‰a hoÌ£ khÃ´ng xem tivi sao?Khi hoÌ£c chuyÃªn gia phaÌt triÃªÌ‰n chiÃªÌ€u cao, tÃ´i coÌ Ä‘aÌ€o taÌ£o caÌc anh chiÌ£ vÃªÌ€ viÌ£ thÃªÌ, vÃªÌ€ ""kÃªÌt quaÌ‰ laÌ€ chÃ¢n lyÌ"". Khi xaÌ‰y ra bÃ¢Ìt cÆ°Ì sÆ°Ì£ viÃªÌ£c giÌ€, miÌ€nh Ä‘aÌƒ laÌ€ chuyÃªn gia phaÌt triÃªÌ‰n chiÃªÌ€u cao maÌ€ miÌ€nh laÌ£i tiÃªu cÆ°Ì£c coÌ€n hÆ¡n khaÌch haÌ€ng thiÌ€ sao maÌ€ laÌ€m Ä‘Æ°Æ¡Ì£c. CoÌ€n vÃªÌ€ niÃªÌ€m tin, duÌ€ laÌ€ cÆ¡ quan naÌ€o noÌi, khaÌch haÌ€ng chÆ°a sÆ°Ì‰ duÌ£ng thiÌ€ hoÌ£ khÃ´ng quan tÃ¢m, khaÌch haÌ€ng Ä‘aÌƒ sÆ°Ì‰ duÌ£ng thiÌ€ hoÌ£ tin vaÌ€o sÃ´Ì cm maÌ€ con hoÌ£ coÌ Ä‘Æ°Æ¡Ì£c. ÄoÌ laÌ€ chÃ¢n lyÌ!"
88,PhÃ³ng sá»± vá» TPCN trÃªn VTV,"BaÌ‰n cháº¥t phoÌng sÆ°Ì£ trÃªn VTV lÃ  cáº£nh bÃ¡o cÃ´Ì£ng Ä‘Ã´Ì€ng khÃ´ng nÃªn láº¡m dá»¥ng thá»±c pháº©m chá»©c nÄƒng, khÃ´ng nÃªn nghe theo nhÆ°Ìƒng lÆ¡Ì€i quaÌ‰ng caÌo khÃ´ng cÄƒn cÆ°Ì thÃ´Ì‰i phÃ´Ì€ng cÃ´ng duÌ£ng, Ä‘ÄƒÌ£c biÃªÌ£t laÌ€ nhÆ°Ìƒng lá»i quáº£ng cÃ¡o sai cÆ¡ cÆ¡Ì‰ khoa hoÌ£c nhÆ° Ä‘áº¿n 23 tuá»•i váº«n cÃ³ thá»ƒ cao lÃªn Ä‘Æ°á»£c. Äiá»u nÃ y, chiÌnh laÌ€ nhÆ°Ìƒng giÌ€ Midu Ä‘ang miÃªÌ£t maÌ€i Ä‘aÌ€o taÌ£o cho cÃ´Ì£ng Ä‘Ã´Ì€ng trong suÃ´Ìt nhiÃªÌ€u nÄƒm qua!Trong video VTV, Ä‘uÌng laÌ€ coÌ Ä‘Æ°a mÃ´Ì£t sÃ´Ì tá»« video feedback cá»§a Midu. NhÆ°ng nhá»¯ng káº¿t quáº£ Ä‘Ã³ (con chiÌ£ XuÃ¢n vaÌ€ con chiÌ£ ThuÌy) Ä‘ÃªÌ€u laÌ€ ngÆ°Æ¡Ì€i thÃ¢Ì£t viÃªÌ£c thÃ¢Ì£t vaÌ€ vÃ¢Ìƒn Ä‘ang Ä‘Æ°Æ¡Ì£c chiÌnh caÌc anh chiÌ£ chuyÃªn gia phaÌt triÃªÌ‰n chiÃªÌ€u cao cuÌ‰a chuÌng ta Ä‘iÌ£nh hÆ°Æ¡Ìng vaÌ€ chÄƒm soÌc. CoÌ leÌƒ chiÌnh nhÆ°Ìƒng ngÆ°Æ¡Ì€i laÌ€m phoÌng sÆ°Ì£ naÌ€y cuÌƒng khÃ´ng thÃªÌ‰ biÃªÌt rÄƒÌ€ng laÌ£i coÌ mÃ´Ì£t nÆ¡i laÌ€m thÃ¢Ì£t nhÆ° Midu. BaÌc siÌƒ PhaÌ£m ThiÌ£ Thanh HiÃªn cuÌƒng Ä‘aÌƒ laÌ€ khaÌch mÆ¡Ì€i vaÌ€ tÆ°Ì€ng chia seÌ‰ trÃªn VTV2 vÃªÌ€ caÌc giaÌ‰i phaÌp tÄƒng chiÃªÌ€u cao khoa hoÌ£c tÃ´Ì‰ng thÃªÌ‰ cuÌ‰a Midu vaÌ€ Ä‘Æ°Æ¡Ì£c ban biÃªn tÃ¢Ì£p quan tÃ¢m vaÌ€ mong muÃ´Ìn Ä‘Æ°Æ¡Ì£c aÌp cho chiÌnh con cuÌ‰a caÌc anh chiÌ£ Æ¡Ì‰ Ä‘oÌ.VÃªÌ€ phiÌa video, ban biÃªn tÃ¢Ì£p cuÌƒng Ä‘aÌƒ rÃ¢Ìt tinh tÃªÌ che tÃ¢Ìt caÌ‰ nhÆ°Ìƒng giÌ€ liÃªn quan tÆ¡Ìi Midu. VÆ¡Ìi mÃ´Ì£t cÆ¡ quan truyÃªÌ€n thÃ´ng lÆ¡Ìn nhÆ° VTV thiÌ€ phiÌa Ä‘aÌ€i cuÌƒng khÃ´ng dÃªÌƒ quy chuÌ£p khi chÆ°a tiÌ€m hiÃªÌ‰u vaÌ€ laÌ€m viÃªÌ£c trÆ°Ì£c tiÃªÌp nÃªn chiÌ‰ Ä‘Æ°a hiÌ€nh aÌ‰nh laÌ€m viÌ duÌ£. CuÌƒng rÃ¢Ìt caÌ‰m Æ¡n caÌc anh chiÌ£, chiÌnh sÆ°Ì£ lan toÌ‰a cuÌ‰a caÌc anh chiÌ£ laÌ€m cho khi bÃ¢Ìt cÆ°Ì Ä‘aÌ€i baÌo naÌ€o muÃ´Ìn tiÌ€m caÌc video noÌi vÃªÌ€ tÄƒng chiÃªÌ€u cao thiÌ€ caÌc media cuÌ‰a miÌ€nh cuÌƒng xuÃ¢Ìt hiÃªÌ£n nhiÃªÌ€u nhÃ¢Ìt. NÃªÌu caÌc anh chiÌ£ nhaÌ€ miÌ€nh nhiÌ€n nhÃ¢Ì£n tiÌch cÆ°Ì£c thiÌ€ Ä‘Ã¢y laÌ£i chiÌnh laÌ€ cÆ¡ hÃ´Ì£i Ä‘ÃªÌ‰ khÄƒÌ‰ng Ä‘iÌ£nh mÃ´Ì£t caÌch roÌƒ raÌ€ng nhÆ°Ìƒng kÃªÌt quaÌ‰ cuÌ‰a chiÌnh con miÌ€nh, chiÌnh khaÌch haÌ€ng cuÌ‰a miÌ€nh trong suÃ´Ìt thÆ¡Ì€i gian qua."
89,HÃ m lÆ°á»£ng k2 cao quÃ¡,"Vitamin K2 khÃ´ng nhá»¯ng gáº¯n canxi tá»« trong midu 180 ( vá»›i 95 ion canxi), mÃ  hÃ m lÆ°á»£ng K2 trong Midu giÃºp gáº¯n cÃ¡c canxi thá»«a khÃ¡c trong cháº¿ Ä‘á»™ Äƒn vÃ  kháº©u pháº§n Äƒn hÃ ng ngÃ y ná»¯a áº¡ - LÆ°á»£ng K2 chuáº©n giÃºp gáº¯n canxi trong cÃ¡c nguá»“n thá»©c Äƒn mÃ¬nh cÃ³. Äáº·c biá»‡t lÃ  tá»· lá»‡ K2 cÃ ng cao thÃ¬ sáº½ giÃºp cÆ¡ thá»ƒ lÃ m ""nhiá»u Ä‘iá»u tuyá»‡t vá»i hÆ¡n"" nhÆ° sáº¡ch máº¡ch mÃ¡u, tá»‘c Ä‘á»™ xá»­ lÃ½ nhanh hÆ¡n,... chá»‹ nhÃ©"
90,Táº¡i sao láº¡i ngá»«ng kinh doanh sáº£n pháº©m MenaQ7 45mcg á»Ÿ trÃªn ká»‡ Droppii,"Dáº¡ do tráº» sÆ¡ sinh thÃ¬ khÃ´ng uá»‘ng trá»±c tiáº¿p Ä‘Æ°á»£c á»‘ng chá»‹ áº¡, cÅ©ng Ä‘á»u pháº£i cáº¯t ra cho vÃ o thÃ¬a. Nhiá»u KH pháº£n há»“i lÃ  nÃªn sáº£n xuáº¥t dáº¡ng chai sáº½ tiá»‡n dá»¥ng hÆ¡n áº¡. VÃ¬ váº­y Midu Ä‘Ã£ sáº£n xuáº¥t dáº¡ng chai vÃ  cho lÃªn ká»‡ tá»« giá»¯a thÃ¡ng 12 rá»“i chá»‹ áº¡. Váº­y chá»‹ tÆ° váº¥n khÃ¡ch dÃ¹ng dáº¡ng chai nhÃ© áº¡.Hiá»‡n sáº£n pháº©m MenaQ7 45 dáº¡ng á»‘ng Ä‘Ã£ khÃ´ng cÃ²n trÃªn ká»‡, thay vÃ o Ä‘Ã³ midu Ä‘Ã£ Ä‘Æ°a sáº£n pháº©m MenaQ7 45 dáº¡ng chai lÃªn ká»‡, vá» cháº¥t lÆ°á»£ng vÃ  hÃ m lÆ°á»£ng nhÆ° nhau nÃªn chá»‹ tÆ° váº¥n dáº¡ng chai cho khÃ¡ch anh chá»‹ nhÃ©."
91,BÃ¡n phÃ¡ giÃ¡,"Cáº£m Æ¡n Anh/Chá»‹ Ä‘Ã£ tin tÆ°á»Ÿng. Midu luÃ´n bÃ¡n Ä‘Ãºng vá»›i giÃ¡ niÃªm yáº¿t vÃ  cÅ©ng luÃ´n Ä‘Ã o táº¡o rÃµ rÃ ng vá» giÃ¡ trong táº¥t cáº£ cÃ¡c chÆ°Æ¡ng trÃ¬nh Ä‘Ã o táº¡o cá»§a mÃ¬nh. Viá»‡c xá»­ lÃ½ bÃ¡n phÃ¡ giÃ¡ khÃ´ng pháº£i chuyá»‡n 1 sá»›m 1 chiá»u, nhÆ°ng náº¿u cÃ³ sá»± chung tay vÃ  Ä‘á»“ng hÃ nh cá»§a cÃ¡c anh chá»‹ thÃ¬ em tin cháº¯c thá»i gian tá»›i sáº½ xá»­ lÃ½ Ä‘Æ°á»£c pháº§n lá»›n.Hiá»‡n táº¡i cÃ¡c chuyÃªn gia cá»§a Midu váº«n gá»­i nhá»¯ng link shop bÃ¡n phÃ¡ giÃ¡ lÃªn topic trÃªn Cá»™ng Ä‘á»“ng chuyÃªn gia phÃ¡t triá»ƒn chiá»u cao Ä‘á»ƒ cá»™ng Ä‘á»“ng cÃ¹ng táº©y chay vÃ  táº¡o nÃªn mÃ´i trÆ°á»ng kinh doanh lÃ nh máº¡nh áº¡.Midu Ä‘Ã£ vÃ  Ä‘ang xá»­ lÃ½ ráº¥t nhiá»u trÆ°á»ng há»£p bÃ¡n phÃ¡ giÃ¡ trÃªn cÃ¡c trang thÆ°Æ¡ng máº¡i Ä‘iá»‡n tá»­, Ä‘áº·c biá»‡t lÃ  shopee áº¡. Viá»‡c nÃ y Midu luÃ´n káº¿t há»£p vÃ  Ä‘á»“ng hÃ nh vá»›i Droppii. Háº§u háº¿t cÃ¡c shop bÃ¡n phÃ¡ giÃ¡ trÃªn shopee Ä‘á»u lÃ  Ä‘áº¡i lÃ½ Droppii nháº­p hÃ ng vá» vÃ  Ä‘Äƒng lÃªn. Anh chá»‹ nhÃ  mÃ¬nh vÃ o shop cá»§a há» cÃ³ thá»ƒ tháº¥y ráº¥t rÃµ rÃ ng lÃ  sáº£n pháº©m trÃªn ká»‡ Ä‘á»u lÃ  sáº£n pháº©m trong Droppii. Midu vÃ  Droppii Ä‘Ã£ cáº¯t mÃ£ sá»‘ cá»§a ráº¥t nhiá»u Ä‘áº¡i lÃ½ vi pháº¡m, ngoÃ i ra cÃ²n kÃªu gá»i cá»™ng Ä‘á»“ng chung cÃ¹ng report nhá»¯ng shop Ä‘Ã³, nhá»¯ng bÃ i viáº¿t Ä‘Ã³ cÃ³ Ä‘Äƒng lÃªn trang Cá»™ng Ä‘á»“ng chuyÃªn gia phÃ¡t triá»ƒn chiá»u cao trÃªn facebook Ä‘á»ƒ kÃªu gá»i cá»™ng Ä‘á»“ng cÃ¹ng chung tay áº¡.Anh chá»‹ nhÃ  mÃ¬nh yÃªn tÃ¢m vá» viá»‡c Midu vÃ  Droppii sáº½ lÃ m viá»‡c Ä‘áº¿n cÃ¹ng vá»›i nhá»¯ng TH vi pháº¡m nÃ y. Ráº¥t cáº£m Æ¡n anh chá»‹ Ä‘Ã£ gÃ³p Ã½ vÃ  Ä‘á»“ng hÃ nh cÃ¹ng Midu."
92,VÃ´i hÃ³a bÃ¡nh nhau,"Trong nhá»¯ng thÃ¡ng cuá»‘i cá»§a thai kÃ¬, báº¯t Ä‘áº§u tá»« tuáº§n 31 thÆ°á»ng xáº£y ra hiá»‡n tÆ°á»£ng vÃ´i hoÃ¡ bÃ¡nh rau. CÆ¡ thá»ƒ máº¹ truyá»n dinh dÆ°á»¡ng sang con qua 2 con Ä‘Æ°á»ng bÃ¡nh rau vÃ  máº¡ch mÃ¡u, thá»i gian nÃ y con cáº§n ráº¥t nhiá»u dinh dÆ°á»¡ng nÃªn náº¿u bÃ¡nh rau vÃ´i hoÃ¡ thÃ¬ sáº½ áº£nh hÆ°á»Ÿng Ä‘áº¿n sá»± phÃ¡t triá»ƒn cá»§a con.Váº­y thÃ¬ mÃ¬nh cáº§n lÃ m giáº£m hiá»‡n tÆ°á»£ng vÃ´i hoÃ¡ bÃ¡nh rau vÃ  tÄƒng kháº£ nÄƒng váº­n chuyá»ƒn dinh dÆ°á»¡ng qua dÃ²ng mÃ¡u báº±ng cÃ¡ch bá»• sung sáº¯t tá»‘i Æ°u báº±ng sáº£n pháº©m sáº¯t cÃ³ trong K2 DHABÃ¡c sÄ© chá»‹ sáº£n phá»¥ kia khÃ¡m lÃºc Ä‘áº§u cÅ©ng lo láº¯ng bÃ¡nh rau vÃ´i hoÃ¡ nhiá»u nÃªn nÃ³i ráº±ng ngá»«ng sá»­ dá»¥ng canxi, Ä‘iá»u nÃ y lÃ  khÃ´ng sai, vÃ¬ náº¿u chá»‰ táº­p trung vÃ o canxi mÃ  bÃ¡nh rau vÃ´i hoÃ¡ thÃ¬ em bÃ© trong bá»¥ng cÅ©ng kÃ¬ nháº­n dc cháº¥t dinh dÆ°á»¡ng gÃ¬ Midu cÃ³ giáº£i phÃ¡p tá»‘t hÆ¡n, Ä‘Ã³ lÃ  MenaQ7 giÃºp chuyá»ƒn hoÃ¡ canxi tá»‘i Æ°u, Ä‘áº£o ngÆ°á»£c quÃ¡ trÃ¬nh vÃ´i hoÃ¡ á»Ÿ hÃ m lÆ°á»£ng 720mcgVáº­y hiá»‡n táº¡i sáº£n phá»¥ Ä‘ang dÃ¹ng 2 á»‘ng 180 vÃ  2v K2Dha thÃ¬ hÃ m lÆ°á»£ng chÆ°a Ä‘á»§ 720mcg nÃªn chÆ°a giáº£i quyáº¿t dc triá»‡t Ä‘á»ƒ váº¥n Ä‘á» vÃ´i hoÃ¡C tÄƒng lÃªn 4 á»‘ng 180 sáº½ tuyá»‡t vá»i nháº¥t nhÃ©"
93,"Há»i Ä‘Ã¡p, vá» sp sáº¯t cá»§a Midu vÃ  sp khÃ¡c","ThÃ nh pháº§n sáº¯t trong sp nÃ y lÃ  sáº¯t nguyÃªn tá»‘ vÃ  Ä‘Ã£ Ä‘á»§ hÃ m lÆ°á»£ng khuyáº¿n nghá»‹ rá»“i c nhÃ©, náº¿u chá»‰ xÃ©t vá» thÃ nh pháº§n sáº¯t thÃ¬ mÃ¬nh khÃ´ng cáº§n bá»• sung thÃªm ná»¯a.á» Midu ráº¥t ngáº¡i khi pháº£i nháº­n xÃ©t hoáº·c so sÃ¡nh 1 sáº£n pháº©m khÃ¡c áº¡, tuy nhiÃªn c cÃ³ thá»ƒ tháº¥y trong sáº£n pháº©m nÃ y cÃ³ cáº£ canxi, mÃ  khuyáº¿n nghá»‹ trong cÃ¡c sáº£n pháº©m bá»• sung, canxi khÃ´ng nÃªn bá»• sung cÃ¹ng sáº¯t sáº½ háº¡n cháº¿ háº¥p thu, ngoÃ i ra Ä‘Ã¢y cÃ²n lÃ  loáº¡i canxi khÃ´ng tan/Ã­t tan nÃªn cÃ³ kháº£ nÄƒng gÃ¢y láº¯ng Ä‘á»ng, cÃ³ thá»ƒ lÃ m tÄƒng hiá»‡n tÆ°á»£ng vÃ´i hÃ³a bÃ¡nh rau á»Ÿ thai phá»¥ lÃ m áº£nh hÆ°á»Ÿng Ä‘áº¿n dinh dÆ°á»¡ng cá»§a con.NgoÃ i ra náº¿u uá»‘ng sp nÃ y cáº§n bá»• sung thÃªm DHA vÃ¬ trong Ä‘Ã¢y chÆ°a cÃ³ DHA, Ä‘Ã¢y lÃ  giai Ä‘oáº¡n tá»‘t nháº¥t Ä‘á»ƒ cÃ¡c con hoÃ n thiá»‡n cáº¥u trÃºc nÃ£o bá»™ nÃªn ráº¥t cáº§n.Sp K2 DHA sá»­ dá»¥ng L5 methylfolat sáº½ giáº£m vÃ  ngÄƒn ngá»«a dá»‹ táº­t á»‘ng tháº§n kinh tá»‘t hÆ¡n axit folic (thÃ nh pháº§n Ä‘áº§u tiÃªn) trong sp nÃ y."
94,Äau tÄƒng trÆ°á»Ÿng,"Äau tÄƒng trÆ°á»Ÿng á»Ÿ tráº» lÃ  tÃ¬nh tráº¡ng Ä‘au chi tÃ¡i phÃ¡t vÃ  tá»± giá»›i háº¡n, cÃ¡c cÆ¡n Ä‘au thÆ°á»ng diá»…n ra thÆ°á»ng xuyÃªn vÃ  nhiá»u hÆ¡n vá» ban Ä‘Ãªm. ThÆ°á»ng lÃ  do khi cÆ¡ thá»ƒ báº¡n phÃ¡t triá»ƒn nhanh nhÆ°ng chÆ°a thÃ­ch nghi Ä‘Æ°á»£c sáº½ dáº«n Ä‘áº¿n tÃ¬nh tráº¡ng Ä‘au nhá»©c chá»‹ nhÃ©"
95,Äo chiá»u cao vÃ o buá»•i sÃ¡ng khi vá»«a ngá»§ dáº­y,"Buá»•i sÃ¡ng khi vá»«a ngá»§ dáº­y lÃ  thá»i Ä‘iá»ƒm chÃºng ta láº¥y Ä‘Æ°á»£c sá»‘ Ä‘o chiá»u cao chÃ­nh xÃ¡c nháº¥t. VÃ o ban ngÃ y, cÆ¡ thá»ƒ hoáº¡t Ä‘á»™ng liÃªn tá»¥c khiáº¿n cho cÃ¡c Ä‘Ä©a Ä‘á»‡m bá»‹ Ä‘Ã¨ nÃ©n, chiá»u cao sáº½ háº¡ xuá»‘ng. Sau má»™t Ä‘Ãªm nghá»‰ ngÆ¡i, cÃ¡c Ä‘á»‘t xÆ°Æ¡ng thÆ° giÃ£n hoÃ n toÃ n, khÃ´ng cÃ²n bá»‹ Ä‘Ã¨ nÃ©n nÃªn trá»Ÿ vá» kÃ­ch thÆ°á»›c vá»‘n cÃ³. Do Ä‘Ã³, chiá»u cao báº¡n Ä‘o Ä‘Æ°á»£c vÃ o chiá»u tá»‘i cÃ³ thá»ƒ tháº¥p hÆ¡n chiá»u cao thá»±c táº¿ khoáº£ng 1-2cm."
96,,"Midu lÃ  cháº¥t dáº«n canxi vÃ o Ä‘Ãºng nÆ¡i cáº§n chá»© midu ko pháº£i lÃ  canxi. Midu cÃ³ hÃ m lÆ°á»£ng k2 cao gáº¥p 18 láº§n sp khÃ¡c, chu ká»³ bÃ¡n rÃ£ lÃ  72h cÃ³ tÃ¡c dá»¥ng Ä‘Æ°a canxi Ä‘áº¿n Ä‘Ãºng chá»—, lÃ m sáº¡ch máº¡ch mÃ¡u, ngÄƒn ngá»«a bá»‡nh tim máº¡ch, sÆ¡ vá»¯a máº¡ch mÃ¡u... midu gá»“m canxi glucoheptonat, d3, k2 dáº¡ng mk7 dá»… hÃ²a tan, arginin, mg.... k2 nháº­p kháº©u tá»« nato pharma cá»§a Na uy lÃ  hÃ£ng dÆ°á»£c uy tÃ­n trÃªn tháº¿ giá»›i"
97,Bá»™ cháº¡m nháº£y,"Cáº£m Æ¡n anh chá»‹ Ä‘Ã£ phÃ n há»“i, Midu xin ghi nháº­n nhá»¯ng gÃ³p Ã½ cá»§a cÃ¡c chá»‹. Vá» sáº£n pháº©m thÃ¬ midu sáº½ check láº¡i, náº¿u cá»§a chá»‹ mÃ  bá»‹ lá»—i do miáº¿ng dÃ¡n thÃ¬ Midu sáº½ gá»­i bá»• sung thÃªm.Midu bÃ¡n sáº£n pháº©m nÃ y Ä‘áº¿n nay Ä‘Ã£ gáº§n 17.000 sáº£n pháº©m tuy nhiÃªn cÅ©ng khÃ´ng trÃ¡nh khá»i viá»‡c cÃ³ 1 vÃ i sáº£n pháº©m bá»‹ lá»—i, náº¿u sáº£n pháº©m bá»‹ lá»—i thÃ¬ Midu sáº½ Ä‘á»•i láº¡i cho mÃ¬nh. CÃ²n vá» máº·t giÃ¡ thÃ¬ em nghÄ© mÃ¬nh Ä‘á»«ng so sÃ¡nh giÃ¡ cá»§a sp Midu vÃ  Shopee anh chá»‹ nhÃ©.VÃ¢ng c chá»‰ cáº§n nÃ³i ntn thÃ´i áº¡.1. SP Midu sáº£n xuáº¥t riÃªng, ghi Ã¢m tiáº¿ng viá»‡t, cÃ³ lá»i chÃºc Ä‘á»™ng viÃªn cÃ¡c con => SP Shopee thÃ¬ tiáº¿ng anh hoáº·c tiáº¿ng trung2. SP Midu cÃ³ há»™p riÃªng => SP shopee chá»‰ cÃ³ tÃ¹i nilong má»ng3. Trong SP Midu cÃ³ thÆ°á»›c in riÃªng (bÃªn trong cÃ³ cÃ¡c hÃ¬nh ngá»™ nghÄ©nh, cÃ¡c thÃ nh pháº§n trong sáº£n pháº©m Midu Ä‘á»ƒ KH nhá» Ä‘áº¿n cÃ¡c tp trong sp cá»§a midu giÃºp Ä‘áº¡i lÃ½ dá»… bÃ¡n hÃ ng hÆ¡n)bÃ¡n hÃ ng cÃ³ tÆ° váº¥n, cÃ³ Ä‘á»“ng hÃ nh xuyÃªn suá»‘t cáº£ 1 quÃ¡ trÃ¬nh, cÃ³ chÄƒm sÃ³c khÃ¡ch hÃ ng sau bÃ¡n hÃ ngâ€¦ thÃ¬ giÃ¡ trá»‹ sáº½ ráº¥t khÃ¡c so vá»›i mua hÃ ng trÃªn shoppee nhÃ© cáº£ nhÃ . HÃ£y Ä‘á»ƒ khÃ¡ch hÃ ng hiá»ƒu Ä‘Æ°á»£c nhá»¯ng giÃ¡ trá»‹ Ä‘Ã³ thÃ¬ báº¡n ko cÃ²n pháº£i lo láº¯ng vá»›i giÃ¡ cá»§a sp bÃ¡n trÃªn shoppee ná»¯a"
98,ViÃªn K2-DHA bá»‹ hÃ´i dáº§u,"Kháº£ nÄƒng viÃªn bá»‹ rá»‰ dáº§u. Giá»‘ng nhÆ° Midu 180 á»‘ng, 1 sáº£n pháº©m lÃ  Ä‘Ã³ng theo á»‘ng vÃ  1 sáº£n pháº©m Ä‘Ã³ng viÃªn nang nÃªn xÃ¡c xuáº¥t váº«n sáº½ cÃ³ cÃ¡c viÃªn há»ng khÃ´ng Ä‘áº¡t yÃªu cáº§u Sáº½ khÃ³ trÃ¡nh bá»‹ sÃ³t nhá»¯ng viÃªn há»ng mÃ  lá» cÃ³ 1 viÃªn rá»‰ dáº§u thÃ¬ cÅ©ng sáº½ loang ra háº¿t cáº£ lá»"
99,suy giÃ£n tÄ©nh máº¡ch,"Khi gáº·p suy giÃ£n tÄ©nh máº¡ch viá»‡c Ä‘áº§u tiÃªn mÃ¬nh cáº§n lÃ m lÃ  Ä‘áº¿n cÆ¡ sá»Ÿ y táº¿, thÄƒm khÃ¡m vÃ  tuÃ¢n thá»§ Ä‘iá»u trá»‹ cá»§a bÃ¡c sÄ© chuyÃªn khoa, tuá»³ vÃ o má»©c Ä‘á»™ sáº½ cÃ³ PhÆ°Æ¡ng PhÃ¡p Ä‘iá»u trá»‹ thÃ­ch há»£p nhÆ° Ä‘i táº¥t Ã¡p lá»±c, thuá»‘c hay pháº«u thuáº­t.NgÆ°á»i bá»‡nh cáº§n háº¡n cháº¿ Ä‘á»©ng hoáº·c Ä‘i láº¡i quÃ¡ nhiá»u, khÃ´ng máº·c quáº§n Ã¡o cháº­t quÃ¡. Cáº§n Äƒn nhiá»u cháº¥t xÆ¡, vitamin Ä‘áº·c biá»‡t lÃ  vitamin C1 trong nhá»¯ng nguyÃªn nhÃ¢n gÃ¢y ra chá»©ng giÃ£n tÄ©nh máº¡ch lÃ  do thiáº¿u vitamin d3,k2- Vitamin d3 giÃºp giá»¯ cho cÃ¡c Ä‘á»™ng máº¡ch, máº¡ch mÃ¡u Ä‘Ã n há»“i, thÆ° giÃ£n, giÃºp mÃ¡u lÆ°u thÃ´ng tá»‘t- Vitamin k2 giÃºp lÃ m sáº¡ch máº¡ch mÃ¡u, tá»‘c Ä‘á»™ xá»­ lÃ­ nhanh hÆ¡n tá»« Ä‘áº¥y lÃ m giáº£m tÃ¬nh tráº¡ng giÃ£n tÄ©nh máº¡ch Ä‘Ã¡ng ká»ƒDÃ¹ng Midu 180 2 á»‘ng / ngÃ y trong 6 thÃ¡ng Ä‘á»ƒ há»— trá»£ c nhÃ©"
100,D3 quÃ¡ liá»u,"- Theo khuyáº¿n nghá»‹ (RDA) hÃ m lÆ°á»£ng vtm D3 cho tráº» ss-1y lÃ  400 IU, ngÆ°á»i lÆ¡n tá»« 600-800IU , Ä‘Ã¢y liá»u lÆ°á»£ng RDA tÃ­nh theo Ä‘Æ¡n cháº¥t vitamin D3 cÃ²n trÃªn thá»±c táº¿ sáº£n pháº©m chÃºng ta bá»• sung vÃ o lÃ  sá»± káº¿t há»£p cá»§a nhiá»u há»£p cháº¥t vÃ  cÃ³ thá»ƒ sá»± háº¥p thu vitamin D3 cÅ©ng bá»‹ áº£nh hÆ°á»Ÿng bá»Ÿi cÃ¡c cháº¥t khÃ¡c. - Vitamin D3 tá»± nhiÃªn Ä‘Æ°á»£c tá»•ng há»£p trong da khi tiáº¿p xÃºc vá»›i Ã¡nh náº¯ng. Má»—i 10-15 phÃºt táº¯m náº¯ng cÃ³ thá»ƒ háº¥p thu tá»‘i Ä‘a lÃªn Ä‘áº¿n 15.000 Ä‘Æ¡n vá»‹ vitamin D3 mÃ  váº«n khÃ´ng gÃ¢y ngá»™ Ä‘á»™c. - Vtm D3 giÃºp canxi Ä‘Æ°á»£c háº¥p thá»¥ tá»« ruá»™t vÃ o mÃ¡u, triá»‡u chá»©ng cá»§a ngá»™ Ä‘á»™c D3 báº£n cháº¥t lÃ  do ná»“ng Ä‘á»™ canxi trong mÃ¡u tÄƒng.Khi hÃ m lÆ°á»£ng canxi trong mÃ¡u tÄƒng cao hÆ¡n má»©c bÃ¬nh thÆ°á»ng sáº½ gÃ¢y ra nhiá»u háº­u quáº£ nghiÃªm trá»ng. ÄÃ³ lÃ  lÃ½ do vÃ¬ sao trong sáº£n pháº©m cá»§a Midu cÃ³ vitamin K2 vá»›i hÃ m lÆ°á»£ng tá»‘i thiá»ƒu 180mcg-giÃºp kÃ­ch hoáº¡t kÃªnh váº­n chuyá»ƒn canxi tá»« mÃ¡u Ä‘áº¿n xÆ°Æ¡ng. Tá»« Ä‘Ã³, lÃ m giáº£m ná»“ng Ä‘á»™ canxi trong mÃ¡u do canxi Ä‘Æ°á»£c váº­n váº­n chuyá»ƒn Ä‘áº¿n Ä‘Ãºng Ä‘Ã­ch lÆ°u trá»¯."
101,Hydroxyapatite,"99% anh chá»‹ tra cá»©u thÃ´ng tin quáº£ng cÃ¡o vá» canxi Hydroxyapatite Ä‘á»u Ä‘Æ°Æ¡c quáº£ng cÃ¡o lÃ  canxi há»¯u cÆ¡, nhÆ°ng khÃ´ng pháº£i nhÆ° váº­y, Hydroxyapatite cÃ³ cÃ´ng thá»©c hÃ³a há»c lÃ  Ca5(PO4)3(OH), lÃ  má»™t dáº¡ng canxi phosphate tá»“n táº¡i tá»± nhiÃªn trong xÆ°Æ¡ng vÃ  rÄƒng cá»§a con ngÆ°á»i. VÃ¬ váº­y, theo Ä‘á»‹nh nghÄ©a hÃ³a há»c, Hydroxyapatite Ä‘Æ°á»£c xem lÃ  má»™t cháº¥t vÃ´ cÆ¡.Hydroxyapatite lÃ  má»™t phá»©c há»£p khoÃ¡ng cháº¥t cÃ³ nguá»“n gá»‘c tá»« xÆ°Æ¡ng bÃ². Trong hydroxyapatite, canxi liÃªn káº¿t vá»›i phá»‘t pho. (ÄÃ¢y lÃ  dáº¡ng chÃ­nh cá»§a canxi lÆ°u trá»¯ trong xÆ°Æ¡ng.) Nghe cÃ³ váº» tuyá»‡t vá»i cho xÆ°Æ¡ng, nhÆ°ng cÃ³ má»™t Ä‘iá»u Ä‘Ã¡ng lÆ°u Ã½.Khi tiÃªu thá»¥ canxi, canxi vÃ  photpho tá»« liÃªn káº¿t vá»›i nhau thÃ¬ bÃ¢y giá» sáº½ Ä‘Æ°á»£c tÃ¡c nhau ra trÆ°á»›c khi cáº£ 2 Ä‘Æ°á»£c háº¥p thu, chÃ­nh vÃ¬ tháº¿ nÃ³ vÃ´ tÃ¬nh lÃ m chÃºng ta háº¥p thu nhiá»u photpho hÆ¡n.NghiÃªn cá»©u cho tháº¥y quÃ¡ nhiá»u phá»‘t pho trong cháº¿ Ä‘á»™ Äƒn uá»‘ng cÃ³ thá»ƒ lÃ  yáº¿u tá»‘ nguy cÆ¡ gÃ¢y bá»‡nh tim máº¡ch vÃ  tháº­n . HÆ¡n ná»¯a, má»™t nghiÃªn cá»©u phÃ¡t hiá»‡n ra ráº±ng nguy cÆ¡ gÃ£y xÆ°Æ¡ng tÄƒng 9% cho má»—i 100 mg phá»‘t pho háº¥p thá»¥. Canxi cÅ©ng chá»‰ lÃ  1 váº¥n Ä‘á» nhá» cáº§n xÃ©t Ä‘áº¿n thÃ´i a, dÃ¹ báº¥t ká»³ loáº¡i canxi nÃ o, tá»‘t Ä‘áº¿n Ä‘Ã¢u mÃ  ko cÃ³ cháº¥t chuyá»ƒn hoÃ¡ canxi lÃ  vÃ´ nghÄ©a, tháº­m chÃ­ cÃ²n gÃ¢y háº¡i."
102,Canxi sá»¯a Bio Island,"ngoÃ i ra, bio island trÃªn nhÃ£n cá»§a nÃ³ ghi lÃ  milk canxi, nÃªn nhiá»u ngÆ°á»i cÅ©ng hiá»ƒu láº§m nÃ³ cÃ³ nguá»“n gá»‘c tá»« sá»¯a, nhÆ°ng thá»±c táº¿ lÃ  vá» bao bÃªn ngoÃ i cá»§a viÃªn canxi lÃ  sá»¯a chá»© ko pháº£i nguá»“n gá»‘c tá»« sá»¯a. tá»•ng há»£p táº¥t cáº£ yáº¿u tá»‘ trÃªn lÃ m mn dá»… hiá»ƒu láº§m áº¡."
103,NhÃ£n hiá»‡u MenaQ7,"TrÆ°á»›c háº¿t, Midu xin kháº³ng Ä‘á»‹nh chÆ°a bao giá» nÃ³i Midu lÃ  Ä‘á»™c quyá»n MenaQ7 cá»§a Natto Pharma. Midu chá»‰ lÃ  Ä‘Æ¡n vá»‹ duy nháº¥t táº¡i Viá»‡t Nam cÃ³ kÃ­ káº¿t há»£p tÃ¡c chiáº¿n lÆ°á»£c vá»›i Natto Pharma trÆ°á»›c Ä‘Ã¢y lÃ  Lesaffre sau nÃ y. Äá»“ng thá»i lÃ  Ä‘Æ¡n vá»‹ duy nháº¥t (tá»›i thá»i Ä‘iá»ƒm nÃ y) Ä‘Æ°á»£c hÃ£ng Ä‘á»“ng Ã½ báº±ng vÄƒn báº£n sá»­ dá»¥ng trademark trÃªn sáº£n pháº©m vÃ  cÃ¡c tÃ i liá»‡u truyá»n thÃ´ng. CÃ¡c cÃ´ng ty khÃ¡c váº«n cÃ³ thá»ƒ mua MenaQ7 thÃ´ng qua má»™t nhÃ  phÃ¢n phá»‘i nÃ o Ä‘Ã³. Tuy nhiÃªn viá»‡c há» sá»­ dá»¥ng nhÃ£n hiá»‡u MenaQ7 trÃªn bao bÃ¬ cÃ³ thá»ƒ cÃ³ dáº¥u hiá»‡u vi pháº¡m.Midu sáº½ phá»‘i há»£p vá»›i Gnosis by Lesaffre Ä‘á»ƒ lÃ m viá»‡c vá»›i cÃ¡c cÃ´ng ty Ä‘ang cÃ³ sáº£n pháº©m cÃ³ sá»­ dá»¥ng nhÃ£n hiá»‡u MenaQ7 Ä‘áº·c biá»‡t lÃ  cÃ¡c cÃ´ng ty cÃ³ dáº¥u hiá»‡u lÃ m sáº£n pháº©m nhÃ¡i kiá»ƒu dÃ¡ng cá»§a sáº£n pháº©m Midu."
104,,
105,,
106,,
107,,
108,,
109,Thuá»‘c sá»‰,"ChÃ o anh chá»‹, Thuá»‘c sá»‰ cÅ©ng lÃ  1 sÃ n thÆ°Æ¡ng máº¡i giá»‘ng nhÆ° Droppii thÃ´i. NhÆ°ng Ä‘iá»u kiá»‡n cá»§a sÃ n Thuá»‘c sÄ© kháº¯t khe hÆ¡n sÃ n Droppii nhiá»u (Nhá»¯ng ngÆ°á»i cÃ³ Ä‘Äƒng kÃ½ kinh doanh lÃ  chá»§ nhÃ  thuá»‘c, cÃ³ báº±ng dÆ°á»£c há» má»›i Ä‘Æ°á»£c cáº¥p tÃ i khoáº£n) VÃ­ dá»¥ hÃ ng Midu 180 cÃ¡c chá»§ nhÃ  thuá»‘c Ä‘Æ°á»£c mua vá»›i giÃ¡ 271.200 VNÄ. CÃ²n Ä‘áº¡i lÃ½ Droppii Ä‘ang Ä‘Æ°á»£c mua vá»›i giÃ¡: 246.600 VNÄSáº£n pháº©m 360 -30v vá»›i giÃ¡ 372.500 VNÄ. CÃ²n Ä‘áº¡i lÃ½ Droppii: 341.600 VNÄChá»§ nhÃ  thuá»‘c há» cÅ©ng nhÆ° cÃ¡c chá»‹ cÅ©ng Ä‘Æ°á»£c coi lÃ  1 Ä‘áº¡i lÃ½, ngoÃ i ra chá»§ nhÃ  thuá»‘c há» cÃ²n pháº£i bá» vá»‘n, bá» máº·t báº±ng, nhÃ¢n sá»± ná»¯a.Váº­y thá»­ há»i ai lÃ  ngÆ°á»i Ä‘Æ°á»£c lá»£i hÆ¡n áº¡?Tá»« trÆ°á»›c Ä‘áº¿n nÃ y Midu luÃ´n cÃ³ chÃ­nh sÃ¡ch tá»‘t nháº¥t cho sÃ n Droppii. Váº­y em Ä‘ang khÃ´ng hiá»ƒu cÃ¡c chá»‹ tháº¯c máº¯c Ä‘iá»u gÃ¬ áº¡?"
110,Thiáº¿u men G6PD cÃ³ dÃ¹ng Ä‘Æ°á»£c Midu khÃ´ng,"Thiáº¿u men G6PD váº«n dÃ¹ng Ä‘Æ°á»£c Midu vÃ  arginine, nhÆ°ng khÃ´ng dÃ¹ng Ä‘Æ°á»£c vitamin C."
111,Aquamin F,"Aquamin F lÃ  nguá»“n khoÃ¡ng cháº¥t tá»± nhiÃªn Ä‘Æ°á»£c sáº£n xuáº¥t tá»« â€‹â€‹táº£o biá»ƒn vÃ´i (Lithothamnion sp.) cÃ²n Lithothamnion calcareum lÃ  má»™t loáº¡i táº£o Ä‘á» thuá»™c há» Corallinacea cÃ³ Ä‘áº·c Ä‘iá»ƒm chÃ­nh lÃ  hÃ¬nh thÃ nh káº¿t tá»§a canxi cacbonat trong thÃ nh táº¿ bÃ o. => cÃ¡i aquamin F nÃ y trong nhiá»u sp, c em lÆ°u láº¡i Ä‘á»ƒ tl nhÃ©"